Report_Year,Year,Item,Vehicle_Type,Data
2023,2023,Interstate_Rural_VMT,Light Duty Vehicles Short Wheelbase,141501777298
2023,2023,Interstate_Rural_VMT,Motorcycles,1014337971
2023,2023,Interstate_Rural_VMT,Buses,1575968563
2023,2023,Interstate_Rural_VMT,Light Duty Vehicles Long Wheelbase,53227623388
2023,2023,Interstate_Rural_VMT,Single Unit Trucks,11956558064
2023,2023,Interstate_Rural_VMT,Combination Trucks,59441029396
2023,2023,Interstate_Rural_VMT,All Light Duty Vehicles,194729400686
2023,2023,Interstate_Rural_VMT,Single Unit and Combination Trucks,71397587459
2023,2022,Interstate_Rural_VMT,Light Duty Vehicles Short Wheelbase,148757069100
2023,2022,Interstate_Rural_VMT,Motorcycles,1163708185
2023,2022,Interstate_Rural_VMT,Buses,1601066542
2023,2022,Interstate_Rural_VMT,Light Duty Vehicles Long Wheelbase,50142686755
2023,2022,Interstate_Rural_VMT,Single Unit Trucks,11676658205
2023,2022,Interstate_Rural_VMT,Combination Trucks,61651784433
2023,2022,Interstate_Rural_VMT,All Light Duty Vehicles,198899755855
2023,2022,Interstate_Rural_VMT,Single Unit and Combination Trucks,73328442638
2023,2023,Other_Arterial_Rural_VMT,Light Duty Vehicles Short Wheelbase,232914922732
2023,2023,Other_Arterial_Rural_VMT,Motorcycles,2257684553
2023,2023,Other_Arterial_Rural_VMT,Buses,2327394086
2023,2023,Other_Arterial_Rural_VMT,Light Duty Vehicles Long Wheelbase,104131238447
2023,2023,Other_Arterial_Rural_VMT,Single Unit Trucks,19889849387
2023,2023,Other_Arterial_Rural_VMT,Combination Trucks,33536163556
2023,2023,Other_Arterial_Rural_VMT,All Light Duty Vehicles,337046161179
2023,2023,Other_Arterial_Rural_VMT,Single Unit and Combination Trucks,53426012943
2023,2022,Other_Arterial_Rural_VMT,Light Duty Vehicles Short Wheelbase,229876839977
2023,2022,Other_Arterial_Rural_VMT,Motorcycles,2233247251
2023,2022,Other_Arterial_Rural_VMT,Buses,2230721507
2023,2022,Other_Arterial_Rural_VMT,Light Duty Vehicles Long Wheelbase,99865022729
2023,2022,Other_Arterial_Rural_VMT,Single Unit Trucks,19331706718
2023,2022,Other_Arterial_Rural_VMT,Combination Trucks,33363892658
2023,2022,Other_Arterial_Rural_VMT,All Light Duty Vehicles,329741862706
2023,2022,Other_Arterial_Rural_VMT,Single Unit and Combination Trucks,52695599376
2023,2023,Other_Rural_VMT,Light Duty Vehicles Short Wheelbase,209061281534
2023,2023,Other_Rural_VMT,Motorcycles,2757152552
2023,2023,Other_Rural_VMT,Buses,2143659067
2023,2023,Other_Rural_VMT,Light Duty Vehicles Long Wheelbase,98503085982
2023,2023,Other_Rural_VMT,Single Unit Trucks,18432485391
2023,2023,Other_Rural_VMT,Combination Trucks,13888115794
2023,2023,Other_Rural_VMT,All Light Duty Vehicles,307564367515
2023,2023,Other_Rural_VMT,Single Unit and Combination Trucks,32320601185
2023,2022,Other_Rural_VMT,Light Duty Vehicles Short Wheelbase,221525593484
2023,2022,Other_Rural_VMT,Motorcycles,3294357222
2023,2022,Other_Rural_VMT,Buses,2293304009
2023,2022,Other_Rural_VMT,Light Duty Vehicles Long Wheelbase,103706506294
2023,2022,Other_Rural_VMT,Single Unit Trucks,19890209103
2023,2022,Other_Rural_VMT,Combination Trucks,13106383799
2023,2022,Other_Rural_VMT,All Light Duty Vehicles,325232099778
2023,2022,Other_Rural_VMT,Single Unit and Combination Trucks,32996592902
2023,2023,All_Rural_VMT,Light Duty Vehicles Short Wheelbase,583477981563
2023,2023,All_Rural_VMT,Motorcycles,6029175076
2023,2023,All_Rural_VMT,Buses,6047021716
2023,2023,All_Rural_VMT,Light Duty Vehicles Long Wheelbase,255861947817
2023,2023,All_Rural_VMT,Single Unit Trucks,50278892841
2023,2023,All_Rural_VMT,Combination Trucks,106865308746
2023,2023,All_Rural_VMT,All Light Duty Vehicles,839339929380
2023,2023,All_Rural_VMT,Single Unit and Combination Trucks,157144201587
2023,2022,All_Rural_VMT,Light Duty Vehicles Short Wheelbase,600159502561
2023,2022,All_Rural_VMT,Motorcycles,6691312658
2023,2022,All_Rural_VMT,Buses,6125092057
2023,2022,All_Rural_VMT,Light Duty Vehicles Long Wheelbase,253714215778
2023,2022,All_Rural_VMT,Single Unit Trucks,50898574025
2023,2022,All_Rural_VMT,Combination Trucks,108122060890
2023,2022,All_Rural_VMT,All Light Duty Vehicles,853873718338
2023,2022,All_Rural_VMT,Single Unit and Combination Trucks,159020634916
2023,2023,Interstate_Urban_VMT,Light Duty Vehicles Short Wheelbase,383567979995
2023,2023,Interstate_Urban_VMT,Motorcycles,2189129968
2023,2023,Interstate_Urban_VMT,Buses,2348191949
2023,2023,Interstate_Urban_VMT,Light Duty Vehicles Long Wheelbase,113349032938
2023,2023,Interstate_Urban_VMT,Single Unit Trucks,21451218314
2023,2023,Interstate_Urban_VMT,Combination Trucks,50896778825
2023,2023,Interstate_Urban_VMT,All Light Duty Vehicles,496917012933
2023,2023,Interstate_Urban_VMT,Single Unit and Combination Trucks,72347997140
2023,2022,Interstate_Urban_VMT,Light Duty Vehicles Short Wheelbase,378935440760
2023,2022,Interstate_Urban_VMT,Motorcycles,2841618431
2023,2022,Interstate_Urban_VMT,Buses,2623605807
2023,2022,Interstate_Urban_VMT,Light Duty Vehicles Long Wheelbase,104685754274
2023,2022,Interstate_Urban_VMT,Single Unit Trucks,20397309947
2023,2022,Interstate_Urban_VMT,Combination Trucks,49710248291
2023,2022,Interstate_Urban_VMT,All Light Duty Vehicles,483621195034
2023,2022,Interstate_Urban_VMT,Single Unit and Combination Trucks,70107558238
2023,2023,Other_Urban_VMT,Light Duty Vehicles Short Wheelbase,1206509518222
2023,2023,Other_Urban_VMT,Motorcycles,11963070861
2023,2023,Other_Urban_VMT,Buses,9305576738
2023,2023,Other_Urban_VMT,Light Duty Vehicles Long Wheelbase,336309987567
2023,2023,Other_Urban_VMT,Single Unit Trucks,62370496963
2023,2023,Other_Urban_VMT,Combination Trucks,37995707849
2023,2023,Other_Urban_VMT,All Light Duty Vehicles,1542819505789
2023,2023,Other_Urban_VMT,Single Unit and Combination Trucks,100366204812
2023,2022,Other_Urban_VMT,Light Duty Vehicles Short Wheelbase,1158710432502
2023,2022,Other_Urban_VMT,Motorcycles,14231931423
2023,2022,Other_Urban_VMT,Buses,9741466579
2023,2022,Other_Urban_VMT,Light Duty Vehicles Long Wheelbase,326458597591
2023,2022,Other_Urban_VMT,Single Unit Trucks,64927902893
2023,2022,Other_Urban_VMT,Combination Trucks,37216330201
2023,2022,Other_Urban_VMT,All Light Duty Vehicles,1485169030094
2023,2022,Other_Urban_VMT,Single Unit and Combination Trucks,102144233094
2023,2023,All_Urban_VMT,Light Duty Vehicles Short Wheelbase,1590077498217
2023,2023,All_Urban_VMT,Motorcycles,14152200829
2023,2023,All_Urban_VMT,Buses,11653768687
2023,2023,All_Urban_VMT,Light Duty Vehicles Long Wheelbase,449659020505
2023,2023,All_Urban_VMT,Single Unit Trucks,83821715277
2023,2023,All_Urban_VMT,Combination Trucks,88892486674
2023,2023,All_Urban_VMT,All Light Duty Vehicles,2039736518723
2023,2023,All_Urban_VMT,Single Unit and Combination Trucks,172714201952
2023,2022,All_Urban_VMT,Light Duty Vehicles Short Wheelbase,1537645873263
2023,2022,All_Urban_VMT,Motorcycles,17073549854
2023,2022,All_Urban_VMT,Buses,12365072385
2023,2022,All_Urban_VMT,Light Duty Vehicles Long Wheelbase,431144351865
2023,2022,All_Urban_VMT,Single Unit Trucks,85325212840
2023,2022,All_Urban_VMT,Combination Trucks,86926578492
2023,2022,All_Urban_VMT,All Light Duty Vehicles,1968790225128
2023,2022,All_Urban_VMT,Single Unit and Combination Trucks,172251791332
2023,2023,Total_VMT,Light Duty Vehicles Short Wheelbase,2173555479781
2023,2023,Total_VMT,Motorcycles,20181375905
2023,2023,Total_VMT,Buses,17700790403
2023,2023,Total_VMT,Light Duty Vehicles Long Wheelbase,705520968322
2023,2023,Total_VMT,Single Unit Trucks,134100608119
2023,2023,Total_VMT,Combination Trucks,195757795420
2023,2023,Total_VMT,All Light Duty Vehicles,2879076448103
2023,2023,Total_VMT,Single Unit and Combination Trucks,329858403539
2023,2022,Total_VMT,Light Duty Vehicles Short Wheelbase,2137805375824
2023,2022,Total_VMT,Motorcycles,23764862512
2023,2022,Total_VMT,Buses,18490164443
2023,2022,Total_VMT,Light Duty Vehicles Long Wheelbase,684858567643
2023,2022,Total_VMT,Single Unit Trucks,136223786866
2023,2022,Total_VMT,Combination Trucks,195048639383
2023,2022,Total_VMT,All Light Duty Vehicles,2822663943466
2023,2022,Total_VMT,Single Unit and Combination Trucks,331272426248
2023,2023,No._Vehicles_Registered,Light Duty Vehicles Short Wheelbase,197134299
2023,2023,No._Vehicles_Registered,Motorcycles,9516910
2023,2023,No._Vehicles_Registered,Buses,967525
2023,2023,No._Vehicles_Registered,Light Duty Vehicles Long Wheelbase,62103995
2023,2023,No._Vehicles_Registered,Single Unit Trucks,11567428
2023,2023,No._Vehicles_Registered,Combination Trucks,3324112
2023,2023,No._Vehicles_Registered,All Light Duty Vehicles,259238294
2023,2023,No._Vehicles_Registered,Single Unit and Combination Trucks,14891540
2023,2022,No._Vehicles_Registered,Light Duty Vehicles Short Wheelbase,196467427
2023,2022,No._Vehicles_Registered,Motorcycles,9186256
2023,2022,No._Vehicles_Registered,Buses,958055
2023,2022,No._Vehicles_Registered,Light Duty Vehicles Long Wheelbase,61273790
2023,2022,No._Vehicles_Registered,Single Unit Trucks,11049522
2023,2022,No._Vehicles_Registered,Combination Trucks,3239716
2023,2022,No._Vehicles_Registered,All Light Duty Vehicles,257741217
2023,2022,No._Vehicles_Registered,Single Unit and Combination Trucks,14289238
2023,2023,Avg._Miles_per_Vehicle,Light Duty Vehicles Short Wheelbase,11026
2023,2023,Avg._Miles_per_Vehicle,Motorcycles,2121
2023,2023,Avg._Miles_per_Vehicle,Buses,18295
2023,2023,Avg._Miles_per_Vehicle,Light Duty Vehicles Long Wheelbase,11360
2023,2023,Avg._Miles_per_Vehicle,Single Unit Trucks,11593
2023,2023,Avg._Miles_per_Vehicle,Combination Trucks,58890
2023,2023,Avg._Miles_per_Vehicle,All Light Duty Vehicles,11106
2023,2023,Avg._Miles_per_Vehicle,Single Unit and Combination Trucks,22151
2023,2022,Avg._Miles_per_Vehicle,Light Duty Vehicles Short Wheelbase,10881
2023,2022,Avg._Miles_per_Vehicle,Motorcycles,2587
2023,2022,Avg._Miles_per_Vehicle,Buses,19300
2023,2022,Avg._Miles_per_Vehicle,Light Duty Vehicles Long Wheelbase,11177
2023,2022,Avg._Miles_per_Vehicle,Single Unit Trucks,12328
2023,2022,Avg._Miles_per_Vehicle,Combination Trucks,60205
2023,2022,Avg._Miles_per_Vehicle,All Light Duty Vehicles,10952
2023,2022,Avg._Miles_per_Vehicle,Single Unit and Combination Trucks,23183
2023,2023,Person-Miles,Light Duty Vehicles Short Wheelbase,3337838596590
2023,2023,Person-Miles,Motorcycles,20694693803
2023,2023,Person-Miles,Buses,375256756540
2023,2023,Person-Miles,Light Duty Vehicles Long Wheelbase,1040166403000
2023,2023,Person-Miles,Single Unit Trucks,134100608119
2023,2023,Person-Miles,Combination Trucks,195757795420
2023,2023,Person-Miles,All Light Duty Vehicles,4378004999590
2023,2023,Person-Miles,Single Unit and Combination Trucks,329858403539
2023,2022,Person-Miles,Light Duty Vehicles Short Wheelbase,3284668705927
2023,2022,Person-Miles,Motorcycles,24369327209
2023,2022,Person-Miles,Buses,391991486186
2023,2022,Person-Miles,Light Duty Vehicles Long Wheelbase,1007240093370
2023,2022,Person-Miles,Single Unit Trucks,136223786866
2023,2022,Person-Miles,Combination Trucks,195048639383
2023,2022,Person-Miles,All Light Duty Vehicles,4291908799297
2023,2022,Person-Miles,Single Unit and Combination Trucks,331272426248
2023,2023,Fuel_Consumed,Light Duty Vehicles Short Wheelbase,88145178837
2023,2023,Fuel_Consumed,Motorcycles,459065235
2023,2023,Fuel_Consumed,Buses,2396495462
2023,2023,Fuel_Consumed,Light Duty Vehicles Long Wheelbase,39334720494
2023,2023,Fuel_Consumed,Single Unit Trucks,17162839167
2023,2023,Fuel_Consumed,Combination Trucks,29296988806
2023,2023,Fuel_Consumed,All Light Duty Vehicles,127479899331
2023,2023,Fuel_Consumed,Single Unit and Combination Trucks,46459827972
2023,2022,Fuel_Consumed,Light Duty Vehicles Short Wheelbase,86040199188
2023,2022,Fuel_Consumed,Motorcycles,540571966
2023,2022,Fuel_Consumed,Buses,2497604755
2023,2022,Fuel_Consumed,Light Duty Vehicles Long Wheelbase,37939062886
2023,2022,Fuel_Consumed,Single Unit Trucks,17180849601
2023,2022,Fuel_Consumed,Combination Trucks,28218174604
2023,2022,Fuel_Consumed,All Light Duty Vehicles,123979262074
2023,2022,Fuel_Consumed,Single Unit and Combination Trucks,45399024205
2023,2023,Avg._Fuel_per_Vehicle,Light Duty Vehicles Short Wheelbase,447
2023,2023,Avg._Fuel_per_Vehicle,Motorcycles,48
2023,2023,Avg._Fuel_per_Vehicle,Buses,2477
2023,2023,Avg._Fuel_per_Vehicle,Light Duty Vehicles Long Wheelbase,633
2023,2023,Avg._Fuel_per_Vehicle,Single Unit Trucks,1484
2023,2023,Avg._Fuel_per_Vehicle,Combination Trucks,8813
2023,2023,Avg._Fuel_per_Vehicle,All Light Duty Vehicles,492
2023,2023,Avg._Fuel_per_Vehicle,Single Unit and Combination Trucks,3120
2023,2022,Avg._Fuel_per_Vehicle,Light Duty Vehicles Short Wheelbase,438
2023,2022,Avg._Fuel_per_Vehicle,Motorcycles,59
2023,2022,Avg._Fuel_per_Vehicle,Buses,2607
2023,2022,Avg._Fuel_per_Vehicle,Light Duty Vehicles Long Wheelbase,619
2023,2022,Avg._Fuel_per_Vehicle,Single Unit Trucks,1555
2023,2022,Avg._Fuel_per_Vehicle,Combination Trucks,8710
2023,2022,Avg._Fuel_per_Vehicle,All Light Duty Vehicles,481
2023,2022,Avg._Fuel_per_Vehicle,Single Unit and Combination Trucks,3177
2023,2023,Avg._Miles_Traveled_per_Gallon,Light Duty Vehicles Short Wheelbase,25
2023,2023,Avg._Miles_Traveled_per_Gallon,Motorcycles,44
2023,2023,Avg._Miles_Traveled_per_Gallon,Buses,7
2023,2023,Avg._Miles_Traveled_per_Gallon,Light Duty Vehicles Long Wheelbase,18
2023,2023,Avg._Miles_Traveled_per_Gallon,Single Unit Trucks,8
2023,2023,Avg._Miles_Traveled_per_Gallon,Combination Trucks,7
2023,2023,Avg._Miles_Traveled_per_Gallon,All Light Duty Vehicles,23
2023,2023,Avg._Miles_Traveled_per_Gallon,Single Unit and Combination Trucks,7
2023,2022,Avg._Miles_Traveled_per_Gallon,Light Duty Vehicles Short Wheelbase,25
2023,2022,Avg._Miles_Traveled_per_Gallon,Motorcycles,44
2023,2022,Avg._Miles_Traveled_per_Gallon,Buses,7
2023,2022,Avg._Miles_Traveled_per_Gallon,Light Duty Vehicles Long Wheelbase,18
2023,2022,Avg._Miles_Traveled_per_Gallon,Single Unit Trucks,8
2023,2022,Avg._Miles_Traveled_per_Gallon,Combination Trucks,7
2023,2022,Avg._Miles_Traveled_per_Gallon,All Light Duty Vehicles,23
2023,2022,Avg._Miles_Traveled_per_Gallon,Single Unit and Combination Trucks,7
2022,2022,Interstate_Rural_VMT,Light Duty Vehicles Short Wheelbase,148757069100
2022,2022,Interstate_Rural_VMT,Motorcycles,1163708185
2022,2022,Interstate_Rural_VMT,Buses,1601066542
2022,2022,Interstate_Rural_VMT,Light Duty Vehicles Long Wheelbase,50142686755
2022,2022,Interstate_Rural_VMT,Single Unit Trucks,11676658205
2022,2022,Interstate_Rural_VMT,Combination Trucks,61651784433
2022,2022,Interstate_Rural_VMT,All Light Duty Vehicles,198899755855
2022,2022,Interstate_Rural_VMT,Single Unit and Combination Trucks,73328442638
2022,2021,Interstate_Rural_VMT,Light Duty Vehicles Short Wheelbase,140582751650
2022,2021,Interstate_Rural_VMT,Motorcycles,1081577556
2022,2021,Interstate_Rural_VMT,Buses,1539485137
2022,2021,Interstate_Rural_VMT,Light Duty Vehicles Long Wheelbase,50523296585
2022,2021,Interstate_Rural_VMT,Single Unit Trucks,11388642473
2022,2021,Interstate_Rural_VMT,Combination Trucks,58574928000
2022,2021,Interstate_Rural_VMT,All Light Duty Vehicles,191106048234
2022,2021,Interstate_Rural_VMT,Single Unit and Combination Trucks,69963570473
2022,2022,Other_Arterial_Rural_VMT,Light Duty Vehicles Short Wheelbase,229876839977
2022,2022,Other_Arterial_Rural_VMT,Motorcycles,2233247251
2022,2022,Other_Arterial_Rural_VMT,Buses,2230721507
2022,2022,Other_Arterial_Rural_VMT,Light Duty Vehicles Long Wheelbase,99865022729
2022,2022,Other_Arterial_Rural_VMT,Single Unit Trucks,19331706718
2022,2022,Other_Arterial_Rural_VMT,Combination Trucks,33363892658
2022,2022,Other_Arterial_Rural_VMT,All Light Duty Vehicles,329741862706
2022,2022,Other_Arterial_Rural_VMT,Single Unit and Combination Trucks,52695599376
2022,2021,Other_Arterial_Rural_VMT,Light Duty Vehicles Short Wheelbase,227383133520
2022,2021,Other_Arterial_Rural_VMT,Motorcycles,2127326069
2022,2021,Other_Arterial_Rural_VMT,Buses,2193652013
2022,2021,Other_Arterial_Rural_VMT,Light Duty Vehicles Long Wheelbase,100463473892
2022,2021,Other_Arterial_Rural_VMT,Single Unit Trucks,19380748845
2022,2021,Other_Arterial_Rural_VMT,Combination Trucks,32859610871
2022,2021,Other_Arterial_Rural_VMT,All Light Duty Vehicles,327846607412
2022,2021,Other_Arterial_Rural_VMT,Single Unit and Combination Trucks,52240359716
2022,2022,Other_Rural_VMT,Light Duty Vehicles Short Wheelbase,221525593484
2022,2022,Other_Rural_VMT,Motorcycles,3294357222
2022,2022,Other_Rural_VMT,Buses,2293304009
2022,2022,Other_Rural_VMT,Light Duty Vehicles Long Wheelbase,103706506294
2022,2022,Other_Rural_VMT,Single Unit Trucks,19890209103
2022,2022,Other_Rural_VMT,Combination Trucks,13106383799
2022,2022,Other_Rural_VMT,All Light Duty Vehicles,325232099778
2022,2022,Other_Rural_VMT,Single Unit and Combination Trucks,32996592902
2022,2021,Other_Rural_VMT,Light Duty Vehicles Short Wheelbase,203372562214
2022,2021,Other_Rural_VMT,Motorcycles,2967360672
2022,2021,Other_Rural_VMT,Buses,2013351631
2022,2021,Other_Rural_VMT,Light Duty Vehicles Long Wheelbase,97512739255
2022,2021,Other_Rural_VMT,Single Unit Trucks,17895149022
2022,2021,Other_Rural_VMT,Combination Trucks,12421266917
2022,2021,Other_Rural_VMT,All Light Duty Vehicles,300885301469
2022,2021,Other_Rural_VMT,Single Unit and Combination Trucks,30316415939
2022,2022,All_Rural_VMT,Light Duty Vehicles Short Wheelbase,600159502561
2022,2022,All_Rural_VMT,Motorcycles,6691312658
2022,2022,All_Rural_VMT,Buses,6125092057
2022,2022,All_Rural_VMT,Light Duty Vehicles Long Wheelbase,253714215778
2022,2022,All_Rural_VMT,Single Unit Trucks,50898574025
2022,2022,All_Rural_VMT,Combination Trucks,108122060890
2022,2022,All_Rural_VMT,All Light Duty Vehicles,853873718338
2022,2022,All_Rural_VMT,Single Unit and Combination Trucks,159020634916
2022,2021,All_Rural_VMT,Light Duty Vehicles Short Wheelbase,571338447383
2022,2021,All_Rural_VMT,Motorcycles,6176264297
2022,2021,All_Rural_VMT,Buses,5746488781
2022,2021,All_Rural_VMT,Light Duty Vehicles Long Wheelbase,248499509732
2022,2021,All_Rural_VMT,Single Unit Trucks,48664540340
2022,2021,All_Rural_VMT,Combination Trucks,103855805787
2022,2021,All_Rural_VMT,All Light Duty Vehicles,819837957115
2022,2021,All_Rural_VMT,Single Unit and Combination Trucks,152520346128
2022,2022,Interstate_Urban_VMT,Light Duty Vehicles Short Wheelbase,378935440760
2022,2022,Interstate_Urban_VMT,Motorcycles,2841618431
2022,2022,Interstate_Urban_VMT,Buses,2623605807
2022,2022,Interstate_Urban_VMT,Light Duty Vehicles Long Wheelbase,104685754274
2022,2022,Interstate_Urban_VMT,Single Unit Trucks,20397309947
2022,2022,Interstate_Urban_VMT,Combination Trucks,49710248291
2022,2022,Interstate_Urban_VMT,All Light Duty Vehicles,483621195034
2022,2022,Interstate_Urban_VMT,Single Unit and Combination Trucks,70107558238
2022,2021,Interstate_Urban_VMT,Light Duty Vehicles Short Wheelbase,363954154277
2022,2021,Interstate_Urban_VMT,Motorcycles,1969925372
2022,2021,Interstate_Urban_VMT,Buses,2274918734
2022,2021,Interstate_Urban_VMT,Light Duty Vehicles Long Wheelbase,104795267724
2022,2021,Interstate_Urban_VMT,Single Unit Trucks,21428180444
2022,2021,Interstate_Urban_VMT,Combination Trucks,52051459549
2022,2021,Interstate_Urban_VMT,All Light Duty Vehicles,468749422000
2022,2021,Interstate_Urban_VMT,Single Unit and Combination Trucks,73479639993
2022,2022,Other_Urban_VMT,Light Duty Vehicles Short Wheelbase,1158710432502
2022,2022,Other_Urban_VMT,Motorcycles,14231931423
2022,2022,Other_Urban_VMT,Buses,9741466579
2022,2022,Other_Urban_VMT,Light Duty Vehicles Long Wheelbase,326458597591
2022,2022,Other_Urban_VMT,Single Unit Trucks,64927902893
2022,2022,Other_Urban_VMT,Combination Trucks,37216330201
2022,2022,Other_Urban_VMT,All Light Duty Vehicles,1485169030094
2022,2022,Other_Urban_VMT,Single Unit and Combination Trucks,102144233094
2022,2021,Other_Urban_VMT,Light Duty Vehicles Short Wheelbase,1148604952787
2022,2021,Other_Urban_VMT,Motorcycles,11495671387
2022,2021,Other_Urban_VMT,Buses,8723079259
2022,2021,Other_Urban_VMT,Light Duty Vehicles Long Wheelbase,331806487260
2022,2021,Other_Urban_VMT,Single Unit Trucks,61544454118
2022,2021,Other_Urban_VMT,Combination Trucks,39481892010
2022,2021,Other_Urban_VMT,All Light Duty Vehicles,1480411440048
2022,2021,Other_Urban_VMT,Single Unit and Combination Trucks,101026346127
2022,2022,All_Urban_VMT,Light Duty Vehicles Short Wheelbase,1537645873263
2022,2022,All_Urban_VMT,Motorcycles,17073549854
2022,2022,All_Urban_VMT,Buses,12365072385
2022,2022,All_Urban_VMT,Light Duty Vehicles Long Wheelbase,431144351865
2022,2022,All_Urban_VMT,Single Unit Trucks,85325212840
2022,2022,All_Urban_VMT,Combination Trucks,86926578492
2022,2022,All_Urban_VMT,All Light Duty Vehicles,1968790225128
2022,2022,All_Urban_VMT,Single Unit and Combination Trucks,172251791332
2022,2021,All_Urban_VMT,Light Duty Vehicles Short Wheelbase,1512559107064
2022,2021,All_Urban_VMT,Motorcycles,13465596759
2022,2021,All_Urban_VMT,Buses,10997997993
2022,2021,All_Urban_VMT,Light Duty Vehicles Long Wheelbase,436601754984
2022,2021,All_Urban_VMT,Single Unit Trucks,82972634562
2022,2021,All_Urban_VMT,Combination Trucks,91533351559
2022,2021,All_Urban_VMT,All Light Duty Vehicles,1949160862048
2022,2021,All_Urban_VMT,Single Unit and Combination Trucks,174505986120
2022,2022,Total_VMT,Light Duty Vehicles Short Wheelbase,2137805375824
2022,2022,Total_VMT,Motorcycles,23764862512
2022,2022,Total_VMT,Buses,18490164443
2022,2022,Total_VMT,Light Duty Vehicles Long Wheelbase,684858567643
2022,2022,Total_VMT,Single Unit Trucks,136223786866
2022,2022,Total_VMT,Combination Trucks,195048639383
2022,2022,Total_VMT,All Light Duty Vehicles,2822663943466
2022,2022,Total_VMT,Single Unit and Combination Trucks,331272426248
2022,2021,Total_VMT,Light Duty Vehicles Short Wheelbase,2083897554448
2022,2021,Total_VMT,Motorcycles,19641861056
2022,2021,Total_VMT,Buses,16744486774
2022,2021,Total_VMT,Light Duty Vehicles Long Wheelbase,685101264715
2022,2021,Total_VMT,Single Unit Trucks,131637174902
2022,2021,Total_VMT,Combination Trucks,195389157346
2022,2021,Total_VMT,All Light Duty Vehicles,2768998819163
2022,2021,Total_VMT,Single Unit and Combination Trucks,327026332248
2022,2022,No._Vehicles_Registered,Light Duty Vehicles Short Wheelbase,196467427
2022,2022,No._Vehicles_Registered,Motorcycles,9186256
2022,2022,No._Vehicles_Registered,Buses,958055
2022,2022,No._Vehicles_Registered,Light Duty Vehicles Long Wheelbase,61273790
2022,2022,No._Vehicles_Registered,Single Unit Trucks,11049522
2022,2022,No._Vehicles_Registered,Combination Trucks,3239716
2022,2022,No._Vehicles_Registered,All Light Duty Vehicles,257741217
2022,2022,No._Vehicles_Registered,Single Unit and Combination Trucks,14289238
2022,2021,No._Vehicles_Registered,Light Duty Vehicles Short Wheelbase,196611629
2022,2021,No._Vehicles_Registered,Motorcycles,9424769
2022,2021,No._Vehicles_Registered,Buses,943556
2022,2021,No._Vehicles_Registered,Light Duty Vehicles Long Wheelbase,60382963
2022,2021,No._Vehicles_Registered,Single Unit Trucks,10687394
2022,2021,No._Vehicles_Registered,Combination Trucks,3135181
2022,2021,No._Vehicles_Registered,All Light Duty Vehicles,256994592
2022,2021,No._Vehicles_Registered,Single Unit and Combination Trucks,13822575
2022,2022,Avg._Miles_per_Vehicle,Light Duty Vehicles Short Wheelbase,10881
2022,2022,Avg._Miles_per_Vehicle,Motorcycles,2587
2022,2022,Avg._Miles_per_Vehicle,Buses,19300
2022,2022,Avg._Miles_per_Vehicle,Light Duty Vehicles Long Wheelbase,11177
2022,2022,Avg._Miles_per_Vehicle,Single Unit Trucks,12328
2022,2022,Avg._Miles_per_Vehicle,Combination Trucks,60205
2022,2022,Avg._Miles_per_Vehicle,All Light Duty Vehicles,10952
2022,2022,Avg._Miles_per_Vehicle,Single Unit and Combination Trucks,23183
2022,2021,Avg._Miles_per_Vehicle,Light Duty Vehicles Short Wheelbase,10599
2022,2021,Avg._Miles_per_Vehicle,Motorcycles,2084
2022,2021,Avg._Miles_per_Vehicle,Buses,17746
2022,2021,Avg._Miles_per_Vehicle,Light Duty Vehicles Long Wheelbase,11346
2022,2021,Avg._Miles_per_Vehicle,Single Unit Trucks,12317
2022,2021,Avg._Miles_per_Vehicle,Combination Trucks,62321
2022,2021,Avg._Miles_per_Vehicle,All Light Duty Vehicles,10775
2022,2021,Avg._Miles_per_Vehicle,Single Unit and Combination Trucks,23659
2022,2022,Person-Miles,Light Duty Vehicles Short Wheelbase,3284668705927
2022,2022,Person-Miles,Motorcycles,24369327209
2022,2022,Person-Miles,Buses,391991486186
2022,2022,Person-Miles,Light Duty Vehicles Long Wheelbase,1007240093370
2022,2022,Person-Miles,Single Unit Trucks,136223786866
2022,2022,Person-Miles,Combination Trucks,195048639383
2022,2022,Person-Miles,All Light Duty Vehicles,4291908799297
2022,2022,Person-Miles,Single Unit and Combination Trucks,331272426248
2022,2021,Person-Miles,Light Duty Vehicles Short Wheelbase,3471196090521
2022,2021,Person-Miles,Motorcycles,23658621641
2022,2021,Person-Miles,Buses,354983119602
2022,2021,Person-Miles,Light Duty Vehicles Long Wheelbase,1168120152373
2022,2021,Person-Miles,Single Unit Trucks,131637174902
2022,2021,Person-Miles,Combination Trucks,195389157346
2022,2021,Person-Miles,All Light Duty Vehicles,4639316242894
2022,2021,Person-Miles,Single Unit and Combination Trucks,327026332248
2022,2022,Fuel_Consumed,Light Duty Vehicles Short Wheelbase,86040199188
2022,2022,Fuel_Consumed,Motorcycles,540571966
2022,2022,Fuel_Consumed,Buses,2497604755
2022,2022,Fuel_Consumed,Light Duty Vehicles Long Wheelbase,37939062886
2022,2022,Fuel_Consumed,Single Unit Trucks,17180849601
2022,2022,Fuel_Consumed,Combination Trucks,28218174604
2022,2022,Fuel_Consumed,All Light Duty Vehicles,123979262074
2022,2022,Fuel_Consumed,Single Unit and Combination Trucks,45399024205
2022,2021,Fuel_Consumed,Light Duty Vehicles Short Wheelbase,85306944287
2022,2021,Fuel_Consumed,Motorcycles,446802427
2022,2021,Fuel_Consumed,Buses,2274324528
2022,2021,Fuel_Consumed,Light Duty Vehicles Long Wheelbase,38493966181
2022,2021,Fuel_Consumed,Single Unit Trucks,17169259790
2022,2021,Fuel_Consumed,Combination Trucks,30439396787
2022,2021,Fuel_Consumed,All Light Duty Vehicles,123800910468
2022,2021,Fuel_Consumed,Single Unit and Combination Trucks,47608656577
2022,2022,Avg._Fuel_per_Vehicle,Light Duty Vehicles Short Wheelbase,438
2022,2022,Avg._Fuel_per_Vehicle,Motorcycles,59
2022,2022,Avg._Fuel_per_Vehicle,Buses,2607
2022,2022,Avg._Fuel_per_Vehicle,Light Duty Vehicles Long Wheelbase,619
2022,2022,Avg._Fuel_per_Vehicle,Single Unit Trucks,1555
2022,2022,Avg._Fuel_per_Vehicle,Combination Trucks,8710
2022,2022,Avg._Fuel_per_Vehicle,All Light Duty Vehicles,481
2022,2022,Avg._Fuel_per_Vehicle,Single Unit and Combination Trucks,3177
2022,2021,Avg._Fuel_per_Vehicle,Light Duty Vehicles Short Wheelbase,434
2022,2021,Avg._Fuel_per_Vehicle,Motorcycles,47
2022,2021,Avg._Fuel_per_Vehicle,Buses,2410
2022,2021,Avg._Fuel_per_Vehicle,Light Duty Vehicles Long Wheelbase,637
2022,2021,Avg._Fuel_per_Vehicle,Single Unit Trucks,1606
2022,2021,Avg._Fuel_per_Vehicle,Combination Trucks,9709
2022,2021,Avg._Fuel_per_Vehicle,All Light Duty Vehicles,482
2022,2021,Avg._Fuel_per_Vehicle,Single Unit and Combination Trucks,3444
2022,2022,Avg._Miles_Traveled_per_Gallon,Light Duty Vehicles Short Wheelbase,25
2022,2022,Avg._Miles_Traveled_per_Gallon,Motorcycles,44
2022,2022,Avg._Miles_Traveled_per_Gallon,Buses,7
2022,2022,Avg._Miles_Traveled_per_Gallon,Light Duty Vehicles Long Wheelbase,18
2022,2022,Avg._Miles_Traveled_per_Gallon,Single Unit Trucks,8
2022,2022,Avg._Miles_Traveled_per_Gallon,Combination Trucks,7
2022,2022,Avg._Miles_Traveled_per_Gallon,All Light Duty Vehicles,23
2022,2022,Avg._Miles_Traveled_per_Gallon,Single Unit and Combination Trucks,7
2022,2021,Avg._Miles_Traveled_per_Gallon,Light Duty Vehicles Short Wheelbase,24
2022,2021,Avg._Miles_Traveled_per_Gallon,Motorcycles,44
2022,2021,Avg._Miles_Traveled_per_Gallon,Buses,7
2022,2021,Avg._Miles_Traveled_per_Gallon,Light Duty Vehicles Long Wheelbase,18
2022,2021,Avg._Miles_Traveled_per_Gallon,Single Unit Trucks,8
2022,2021,Avg._Miles_Traveled_per_Gallon,Combination Trucks,6
2022,2021,Avg._Miles_Traveled_per_Gallon,All Light Duty Vehicles,22
2022,2021,Avg._Miles_Traveled_per_Gallon,Single Unit and Combination Trucks,7
2021,2021,Interstate_Rural_VMT,Light Duty Vehicles Short Wheelbase,140582751650
2021,2021,Interstate_Rural_VMT,Motorcycles,1081577556
2021,2021,Interstate_Rural_VMT,Buses,1539485137
2021,2021,Interstate_Rural_VMT,Light Duty Vehicles Long Wheelbase,50523296585
2021,2021,Interstate_Rural_VMT,Single Unit Trucks,11388642473
2021,2021,Interstate_Rural_VMT,Combination Trucks,58574928000
2021,2021,Interstate_Rural_VMT,All Light Duty Vehicles,191106048234
2021,2021,Interstate_Rural_VMT,Single Unit and Combination Trucks,69963570473
2021,2020,Interstate_Rural_VMT,Light Duty Vehicles Short Wheelbase,123041905134
2021,2020,Interstate_Rural_VMT,Motorcycles,961318885
2021,2020,Interstate_Rural_VMT,Buses,1382779729
2021,2020,Interstate_Rural_VMT,Light Duty Vehicles Long Wheelbase,44586757914
2021,2020,Interstate_Rural_VMT,Single Unit Trucks,10074909776
2021,2020,Interstate_Rural_VMT,Combination Trucks,51769966822
2021,2020,Interstate_Rural_VMT,All Light Duty Vehicles,167628663048
2021,2020,Interstate_Rural_VMT,Single Unit and Combination Trucks,61844876598
2021,2021,Other_Arterial_Rural_VMT,Light Duty Vehicles Short Wheelbase,227383133520
2021,2021,Other_Arterial_Rural_VMT,Motorcycles,2127326069
2021,2021,Other_Arterial_Rural_VMT,Buses,2193652013
2021,2021,Other_Arterial_Rural_VMT,Light Duty Vehicles Long Wheelbase,100463473892
2021,2021,Other_Arterial_Rural_VMT,Single Unit Trucks,19380748845
2021,2021,Other_Arterial_Rural_VMT,Combination Trucks,32859610871
2021,2021,Other_Arterial_Rural_VMT,All Light Duty Vehicles,327846607412
2021,2021,Other_Arterial_Rural_VMT,Single Unit and Combination Trucks,52240359716
2021,2020,Other_Arterial_Rural_VMT,Light Duty Vehicles Short Wheelbase,207497839120
2021,2020,Other_Arterial_Rural_VMT,Motorcycles,2204525933
2021,2020,Other_Arterial_Rural_VMT,Buses,2055828406
2021,2020,Other_Arterial_Rural_VMT,Light Duty Vehicles Long Wheelbase,92800211558
2021,2020,Other_Arterial_Rural_VMT,Single Unit Trucks,17686219913
2021,2020,Other_Arterial_Rural_VMT,Combination Trucks,30507175709
2021,2020,Other_Arterial_Rural_VMT,All Light Duty Vehicles,300298050678
2021,2020,Other_Arterial_Rural_VMT,Single Unit and Combination Trucks,48193395622
2021,2021,Other_Rural_VMT,Light Duty Vehicles Short Wheelbase,203372562214
2021,2021,Other_Rural_VMT,Motorcycles,2967360672
2021,2021,Other_Rural_VMT,Buses,2013351631
2021,2021,Other_Rural_VMT,Light Duty Vehicles Long Wheelbase,97512739255
2021,2021,Other_Rural_VMT,Single Unit Trucks,17895149022
2021,2021,Other_Rural_VMT,Combination Trucks,12421266917
2021,2021,Other_Rural_VMT,All Light Duty Vehicles,300885301469
2021,2021,Other_Rural_VMT,Single Unit and Combination Trucks,30316415939
2021,2020,Other_Rural_VMT,Light Duty Vehicles Short Wheelbase,192894533676
2021,2020,Other_Rural_VMT,Motorcycles,2710773875
2021,2020,Other_Rural_VMT,Buses,1746955587
2021,2020,Other_Rural_VMT,Light Duty Vehicles Long Wheelbase,93178461791
2021,2020,Other_Rural_VMT,Single Unit Trucks,16385886434
2021,2020,Other_Rural_VMT,Combination Trucks,12040765277
2021,2020,Other_Rural_VMT,All Light Duty Vehicles,286072995468
2021,2020,Other_Rural_VMT,Single Unit and Combination Trucks,28426651710
2021,2021,All_Rural_VMT,Light Duty Vehicles Short Wheelbase,571338447383
2021,2021,All_Rural_VMT,Motorcycles,6176264297
2021,2021,All_Rural_VMT,Buses,5746488781
2021,2021,All_Rural_VMT,Light Duty Vehicles Long Wheelbase,248499509732
2021,2021,All_Rural_VMT,Single Unit Trucks,48664540340
2021,2021,All_Rural_VMT,Combination Trucks,103855805787
2021,2021,All_Rural_VMT,All Light Duty Vehicles,819837957115
2021,2021,All_Rural_VMT,Single Unit and Combination Trucks,152520346128
2021,2020,All_Rural_VMT,Light Duty Vehicles Short Wheelbase,523434277931
2021,2020,All_Rural_VMT,Motorcycles,5876618693
2021,2020,All_Rural_VMT,Buses,5185563722
2021,2020,All_Rural_VMT,Light Duty Vehicles Long Wheelbase,230565431263
2021,2020,All_Rural_VMT,Single Unit Trucks,44147016123
2021,2020,All_Rural_VMT,Combination Trucks,94317907808
2021,2020,All_Rural_VMT,All Light Duty Vehicles,753999709194
2021,2020,All_Rural_VMT,Single Unit and Combination Trucks,138464923931
2021,2021,Interstate_Urban_VMT,Light Duty Vehicles Short Wheelbase,363954154277
2021,2021,Interstate_Urban_VMT,Motorcycles,1969925372
2021,2021,Interstate_Urban_VMT,Buses,2274918734
2021,2021,Interstate_Urban_VMT,Light Duty Vehicles Long Wheelbase,104795267724
2021,2021,Interstate_Urban_VMT,Single Unit Trucks,21428180444
2021,2021,Interstate_Urban_VMT,Combination Trucks,52051459549
2021,2021,Interstate_Urban_VMT,All Light Duty Vehicles,468749422000
2021,2021,Interstate_Urban_VMT,Single Unit and Combination Trucks,73479639993
2021,2020,Interstate_Urban_VMT,Light Duty Vehicles Short Wheelbase,330361199855
2021,2020,Interstate_Urban_VMT,Motorcycles,1890876650
2021,2020,Interstate_Urban_VMT,Buses,2336665698
2021,2020,Interstate_Urban_VMT,Light Duty Vehicles Long Wheelbase,94184382135
2021,2020,Interstate_Urban_VMT,Single Unit Trucks,19616119959
2021,2020,Interstate_Urban_VMT,Combination Trucks,47036012373
2021,2020,Interstate_Urban_VMT,All Light Duty Vehicles,424545581990
2021,2020,Interstate_Urban_VMT,Single Unit and Combination Trucks,66652132331
2021,2021,Other_Urban_VMT,Light Duty Vehicles Short Wheelbase,1148604952787
2021,2021,Other_Urban_VMT,Motorcycles,11495671387
2021,2021,Other_Urban_VMT,Buses,8723079259
2021,2021,Other_Urban_VMT,Light Duty Vehicles Long Wheelbase,331806487260
2021,2021,Other_Urban_VMT,Single Unit Trucks,61544454118
2021,2021,Other_Urban_VMT,Combination Trucks,39481892010
2021,2021,Other_Urban_VMT,All Light Duty Vehicles,1480411440048
2021,2021,Other_Urban_VMT,Single Unit and Combination Trucks,101026346127
2021,2020,Other_Urban_VMT,Light Duty Vehicles Short Wheelbase,1080947032166
2021,2020,Other_Urban_VMT,Motorcycles,10179972604
2021,2020,Other_Urban_VMT,Buses,7514483005
2021,2020,Other_Urban_VMT,Light Duty Vehicles Long Wheelbase,313496047701
2021,2020,Other_Urban_VMT,Single Unit Trucks,54069037852
2021,2020,Other_Urban_VMT,Combination Trucks,38462880743
2021,2020,Other_Urban_VMT,All Light Duty Vehicles,1394443079866
2021,2020,Other_Urban_VMT,Single Unit and Combination Trucks,92531918595
2021,2021,All_Urban_VMT,Light Duty Vehicles Short Wheelbase,1512559107064
2021,2021,All_Urban_VMT,Motorcycles,13465596759
2021,2021,All_Urban_VMT,Buses,10997997993
2021,2021,All_Urban_VMT,Light Duty Vehicles Long Wheelbase,436601754984
2021,2021,All_Urban_VMT,Single Unit Trucks,82972634562
2021,2021,All_Urban_VMT,Combination Trucks,91533351559
2021,2021,All_Urban_VMT,All Light Duty Vehicles,1949160862048
2021,2021,All_Urban_VMT,Single Unit and Combination Trucks,174505986120
2021,2020,All_Urban_VMT,Light Duty Vehicles Short Wheelbase,1411308232021
2021,2020,All_Urban_VMT,Motorcycles,12070849254
2021,2020,All_Urban_VMT,Buses,9851148703
2021,2020,All_Urban_VMT,Light Duty Vehicles Long Wheelbase,407680429836
2021,2020,All_Urban_VMT,Single Unit Trucks,73685157811
2021,2020,All_Urban_VMT,Combination Trucks,85498893115
2021,2020,All_Urban_VMT,All Light Duty Vehicles,1818988661857
2021,2020,All_Urban_VMT,Single Unit and Combination Trucks,159184050926
2021,2021,Total_VMT,Light Duty Vehicles Short Wheelbase,2083897554448
2021,2021,Total_VMT,Motorcycles,19641861056
2021,2021,Total_VMT,Buses,16744486774
2021,2021,Total_VMT,Light Duty Vehicles Long Wheelbase,685101264715
2021,2021,Total_VMT,Single Unit Trucks,131637174902
2021,2021,Total_VMT,Combination Trucks,195389157346
2021,2021,Total_VMT,All Light Duty Vehicles,2768998819163
2021,2021,Total_VMT,Single Unit and Combination Trucks,327026332248
2021,2020,Total_VMT,Light Duty Vehicles Short Wheelbase,1934742509952
2021,2020,Total_VMT,Motorcycles,17947467947
2021,2020,Total_VMT,Buses,15036712426
2021,2020,Total_VMT,Light Duty Vehicles Long Wheelbase,638245861099
2021,2020,Total_VMT,Single Unit Trucks,117832173934
2021,2020,Total_VMT,Combination Trucks,179816800923
2021,2020,Total_VMT,All Light Duty Vehicles,2572988371051
2021,2020,Total_VMT,Single Unit and Combination Trucks,297648974857
2021,2021,No._Vehicles_Registered,Light Duty Vehicles Short Wheelbase,196611629
2021,2021,No._Vehicles_Registered,Motorcycles,9424769
2021,2021,No._Vehicles_Registered,Buses,943556
2021,2021,No._Vehicles_Registered,Light Duty Vehicles Long Wheelbase,60382963
2021,2021,No._Vehicles_Registered,Single Unit Trucks,10687394
2021,2021,No._Vehicles_Registered,Combination Trucks,3135181
2021,2021,No._Vehicles_Registered,All Light Duty Vehicles,256994592
2021,2021,No._Vehicles_Registered,Single Unit and Combination Trucks,13822575
2021,2020,No._Vehicles_Registered,Light Duty Vehicles Short Wheelbase,194788825
2021,2020,No._Vehicles_Registered,Motorcycles,8347435
2021,2020,No._Vehicles_Registered,Buses,1010304
2021,2020,No._Vehicles_Registered,Light Duty Vehicles Long Wheelbase,58890431
2021,2020,No._Vehicles_Registered,Single Unit Trucks,9908410
2021,2020,No._Vehicles_Registered,Combination Trucks,2990962
2021,2020,No._Vehicles_Registered,All Light Duty Vehicles,253679256
2021,2020,No._Vehicles_Registered,Single Unit and Combination Trucks,12899372
2021,2021,Avg._Miles_per_Vehicle,Light Duty Vehicles Short Wheelbase,10599
2021,2021,Avg._Miles_per_Vehicle,Motorcycles,2084
2021,2021,Avg._Miles_per_Vehicle,Buses,17746
2021,2021,Avg._Miles_per_Vehicle,Light Duty Vehicles Long Wheelbase,11346
2021,2021,Avg._Miles_per_Vehicle,Single Unit Trucks,12317
2021,2021,Avg._Miles_per_Vehicle,Combination Trucks,62321
2021,2021,Avg._Miles_per_Vehicle,All Light Duty Vehicles,10775
2021,2021,Avg._Miles_per_Vehicle,Single Unit and Combination Trucks,23659
2021,2020,Avg._Miles_per_Vehicle,Light Duty Vehicles Short Wheelbase,9933
2021,2020,Avg._Miles_per_Vehicle,Motorcycles,2150
2021,2020,Avg._Miles_per_Vehicle,Buses,14883
2021,2020,Avg._Miles_per_Vehicle,Light Duty Vehicles Long Wheelbase,10838
2021,2020,Avg._Miles_per_Vehicle,Single Unit Trucks,11892
2021,2020,Avg._Miles_per_Vehicle,Combination Trucks,60120
2021,2020,Avg._Miles_per_Vehicle,All Light Duty Vehicles,10143
2021,2020,Avg._Miles_per_Vehicle,Single Unit and Combination Trucks,23075
2021,2021,Person-Miles,Light Duty Vehicles Short Wheelbase,3471196090521
2021,2021,Person-Miles,Motorcycles,23658621641
2021,2021,Person-Miles,Buses,354983119602
2021,2021,Person-Miles,Light Duty Vehicles Long Wheelbase,1168120152373
2021,2021,Person-Miles,Single Unit Trucks,131637174902
2021,2021,Person-Miles,Combination Trucks,195389157346
2021,2021,Person-Miles,All Light Duty Vehicles,4639316242894
2021,2021,Person-Miles,Single Unit and Combination Trucks,327026332248
2021,2020,Person-Miles,Light Duty Vehicles Short Wheelbase,3225210033010
2021,2020,Person-Miles,Motorcycles,21617725142
2021,2020,Person-Miles,Buses,318778303428
2021,2020,Person-Miles,Light Duty Vehicles Long Wheelbase,1084960167161
2021,2020,Person-Miles,Single Unit Trucks,117832173934
2021,2020,Person-Miles,Combination Trucks,179816800923
2021,2020,Person-Miles,All Light Duty Vehicles,4310170200171
2021,2020,Person-Miles,Single Unit and Combination Trucks,297648974857
2021,2021,Fuel_Consumed,Light Duty Vehicles Short Wheelbase,85306944287
2021,2021,Fuel_Consumed,Motorcycles,446802427
2021,2021,Fuel_Consumed,Buses,2274324528
2021,2021,Fuel_Consumed,Light Duty Vehicles Long Wheelbase,38493966181
2021,2021,Fuel_Consumed,Single Unit Trucks,17169259790
2021,2021,Fuel_Consumed,Combination Trucks,30439396787
2021,2021,Fuel_Consumed,All Light Duty Vehicles,123800910468
2021,2021,Fuel_Consumed,Single Unit and Combination Trucks,47608656577
2021,2020,Fuel_Consumed,Light Duty Vehicles Short Wheelbase,78721897852
2021,2020,Fuel_Consumed,Motorcycles,408255271
2021,2020,Fuel_Consumed,Buses,2038723174
2021,2020,Fuel_Consumed,Light Duty Vehicles Long Wheelbase,35676671881
2021,2020,Fuel_Consumed,Single Unit Trucks,15179898943
2021,2020,Fuel_Consumed,Combination Trucks,27159040880
2021,2020,Fuel_Consumed,All Light Duty Vehicles,114398569732
2021,2020,Fuel_Consumed,Single Unit and Combination Trucks,42338939823
2021,2021,Avg._Fuel_per_Vehicle,Light Duty Vehicles Short Wheelbase,434
2021,2021,Avg._Fuel_per_Vehicle,Motorcycles,47
2021,2021,Avg._Fuel_per_Vehicle,Buses,2410
2021,2021,Avg._Fuel_per_Vehicle,Light Duty Vehicles Long Wheelbase,637
2021,2021,Avg._Fuel_per_Vehicle,Single Unit Trucks,1606
2021,2021,Avg._Fuel_per_Vehicle,Combination Trucks,9709
2021,2021,Avg._Fuel_per_Vehicle,All Light Duty Vehicles,482
2021,2021,Avg._Fuel_per_Vehicle,Single Unit and Combination Trucks,3444
2021,2020,Avg._Fuel_per_Vehicle,Light Duty Vehicles Short Wheelbase,404
2021,2020,Avg._Fuel_per_Vehicle,Motorcycles,49
2021,2020,Avg._Fuel_per_Vehicle,Buses,2018
2021,2020,Avg._Fuel_per_Vehicle,Light Duty Vehicles Long Wheelbase,606
2021,2020,Avg._Fuel_per_Vehicle,Single Unit Trucks,1532
2021,2020,Avg._Fuel_per_Vehicle,Combination Trucks,9080
2021,2020,Avg._Fuel_per_Vehicle,All Light Duty Vehicles,451
2021,2020,Avg._Fuel_per_Vehicle,Single Unit and Combination Trucks,3282
2021,2021,Avg._Miles_Traveled_per_Gallon,Light Duty Vehicles Short Wheelbase,24
2021,2021,Avg._Miles_Traveled_per_Gallon,Motorcycles,44
2021,2021,Avg._Miles_Traveled_per_Gallon,Buses,7
2021,2021,Avg._Miles_Traveled_per_Gallon,Light Duty Vehicles Long Wheelbase,18
2021,2021,Avg._Miles_Traveled_per_Gallon,Single Unit Trucks,8
2021,2021,Avg._Miles_Traveled_per_Gallon,Combination Trucks,6
2021,2021,Avg._Miles_Traveled_per_Gallon,All Light Duty Vehicles,22
2021,2021,Avg._Miles_Traveled_per_Gallon,Single Unit and Combination Trucks,7
2021,2020,Avg._Miles_Traveled_per_Gallon,Light Duty Vehicles Short Wheelbase,25
2021,2020,Avg._Miles_Traveled_per_Gallon,Motorcycles,44
2021,2020,Avg._Miles_Traveled_per_Gallon,Buses,7
2021,2020,Avg._Miles_Traveled_per_Gallon,Light Duty Vehicles Long Wheelbase,18
2021,2020,Avg._Miles_Traveled_per_Gallon,Single Unit Trucks,8
2021,2020,Avg._Miles_Traveled_per_Gallon,Combination Trucks,7
2021,2020,Avg._Miles_Traveled_per_Gallon,All Light Duty Vehicles,22
2021,2020,Avg._Miles_Traveled_per_Gallon,Single Unit and Combination Trucks,7
2020,2020,Interstate_Rural_VMT,Light Duty Vehicles Short Wheelbase,123041905134
2020,2020,Interstate_Rural_VMT,Motorcycles,961318885
2020,2020,Interstate_Rural_VMT,Buses,1382779729
2020,2020,Interstate_Rural_VMT,Light Duty Vehicles Long Wheelbase,44586757914
2020,2020,Interstate_Rural_VMT,Single Unit Trucks,10074909776
2020,2020,Interstate_Rural_VMT,Combination Trucks,51769966822
2020,2020,Interstate_Rural_VMT,All Light Duty Vehicles,167628663048
2020,2020,Interstate_Rural_VMT,Single Unit and Combination Trucks,61844876598
2020,2019,Interstate_Rural_VMT,Light Duty Vehicles Short Wheelbase,148256617512
2020,2019,Interstate_Rural_VMT,Motorcycles,1175324674
2020,2019,Interstate_Rural_VMT,Buses,1716947987
2020,2019,Interstate_Rural_VMT,Light Duty Vehicles Long Wheelbase,48498605965
2020,2019,Interstate_Rural_VMT,Single Unit Trucks,10886727901
2020,2019,Interstate_Rural_VMT,Combination Trucks,51109824986
2020,2019,Interstate_Rural_VMT,All Light Duty Vehicles,196755223477
2020,2019,Interstate_Rural_VMT,Single Unit and Combination Trucks,61996552887
2020,2020,Other_Arterial_Rural_VMT,Light Duty Vehicles Short Wheelbase,207497839120
2020,2020,Other_Arterial_Rural_VMT,Motorcycles,2204525933
2020,2020,Other_Arterial_Rural_VMT,Buses,2055828406
2020,2020,Other_Arterial_Rural_VMT,Light Duty Vehicles Long Wheelbase,92800211558
2020,2020,Other_Arterial_Rural_VMT,Single Unit Trucks,17686219913
2020,2020,Other_Arterial_Rural_VMT,Combination Trucks,30507175709
2020,2020,Other_Arterial_Rural_VMT,All Light Duty Vehicles,300298050678
2020,2020,Other_Arterial_Rural_VMT,Single Unit and Combination Trucks,48193395622
2020,2019,Other_Arterial_Rural_VMT,Light Duty Vehicles Short Wheelbase,234141804883
2020,2019,Other_Arterial_Rural_VMT,Motorcycles,2607152466
2020,2019,Other_Arterial_Rural_VMT,Buses,2338981607
2020,2019,Other_Arterial_Rural_VMT,Light Duty Vehicles Long Wheelbase,96414058643
2020,2019,Other_Arterial_Rural_VMT,Single Unit Trucks,18238274613
2020,2019,Other_Arterial_Rural_VMT,Combination Trucks,30067674201
2020,2019,Other_Arterial_Rural_VMT,All Light Duty Vehicles,330555863525
2020,2019,Other_Arterial_Rural_VMT,Single Unit and Combination Trucks,48305948813
2020,2020,Other_Rural_VMT,Light Duty Vehicles Short Wheelbase,192894533676
2020,2020,Other_Rural_VMT,Motorcycles,2710773875
2020,2020,Other_Rural_VMT,Buses,1746955587
2020,2020,Other_Rural_VMT,Light Duty Vehicles Long Wheelbase,93178461791
2020,2020,Other_Rural_VMT,Single Unit Trucks,16385886434
2020,2020,Other_Rural_VMT,Combination Trucks,12040765277
2020,2020,Other_Rural_VMT,All Light Duty Vehicles,286072995468
2020,2020,Other_Rural_VMT,Single Unit and Combination Trucks,28426651710
2020,2019,Other_Rural_VMT,Light Duty Vehicles Short Wheelbase,210062304998
2020,2019,Other_Rural_VMT,Motorcycles,2835364688
2020,2019,Other_Rural_VMT,Buses,1979712591
2020,2019,Other_Rural_VMT,Light Duty Vehicles Long Wheelbase,93946003914
2020,2019,Other_Rural_VMT,Single Unit Trucks,17042897035
2020,2019,Other_Rural_VMT,Combination Trucks,12534307457
2020,2019,Other_Rural_VMT,All Light Duty Vehicles,304008308912
2020,2019,Other_Rural_VMT,Single Unit and Combination Trucks,29577204493
2020,2020,All_Rural_VMT,Light Duty Vehicles Short Wheelbase,523434277931
2020,2020,All_Rural_VMT,Motorcycles,5876618693
2020,2020,All_Rural_VMT,Buses,5185563722
2020,2020,All_Rural_VMT,Light Duty Vehicles Long Wheelbase,230565431263
2020,2020,All_Rural_VMT,Single Unit Trucks,44147016123
2020,2020,All_Rural_VMT,Combination Trucks,94317907808
2020,2020,All_Rural_VMT,All Light Duty Vehicles,753999709194
2020,2020,All_Rural_VMT,Single Unit and Combination Trucks,138464923931
2020,2019,All_Rural_VMT,Light Duty Vehicles Short Wheelbase,592460727393
2020,2019,All_Rural_VMT,Motorcycles,6617841828
2020,2019,All_Rural_VMT,Buses,6035642185
2020,2019,All_Rural_VMT,Light Duty Vehicles Long Wheelbase,238858668521
2020,2019,All_Rural_VMT,Single Unit Trucks,46167899549
2020,2019,All_Rural_VMT,Combination Trucks,93711806644
2020,2019,All_Rural_VMT,All Light Duty Vehicles,831319395914
2020,2019,All_Rural_VMT,Single Unit and Combination Trucks,139879706193
2020,2020,Interstate_Urban_VMT,Light Duty Vehicles Short Wheelbase,330361199855
2020,2020,Interstate_Urban_VMT,Motorcycles,1890876650
2020,2020,Interstate_Urban_VMT,Buses,2336665698
2020,2020,Interstate_Urban_VMT,Light Duty Vehicles Long Wheelbase,94184382135
2020,2020,Interstate_Urban_VMT,Single Unit Trucks,19616119959
2020,2020,Interstate_Urban_VMT,Combination Trucks,47036012373
2020,2020,Interstate_Urban_VMT,All Light Duty Vehicles,424545581990
2020,2020,Interstate_Urban_VMT,Single Unit and Combination Trucks,66652132331
2020,2019,Interstate_Urban_VMT,Light Duty Vehicles Short Wheelbase,404357213427
2020,2019,Interstate_Urban_VMT,Motorcycles,2557753060
2020,2019,Interstate_Urban_VMT,Buses,2682987988
2020,2019,Interstate_Urban_VMT,Light Duty Vehicles Long Wheelbase,100784754929
2020,2019,Interstate_Urban_VMT,Single Unit Trucks,19926247940
2020,2019,Interstate_Urban_VMT,Combination Trucks,45444366454
2020,2019,Interstate_Urban_VMT,All Light Duty Vehicles,505141968357
2020,2019,Interstate_Urban_VMT,Single Unit and Combination Trucks,65370614394
2020,2020,Other_Urban_VMT,Light Duty Vehicles Short Wheelbase,1080947032166
2020,2020,Other_Urban_VMT,Motorcycles,10179972604
2020,2020,Other_Urban_VMT,Buses,7514483005
2020,2020,Other_Urban_VMT,Light Duty Vehicles Long Wheelbase,313496047701
2020,2020,Other_Urban_VMT,Single Unit Trucks,54069037852
2020,2020,Other_Urban_VMT,Combination Trucks,38462880743
2020,2020,Other_Urban_VMT,All Light Duty Vehicles,1394443079866
2020,2020,Other_Urban_VMT,Single Unit and Combination Trucks,92531918595
2020,2019,Other_Urban_VMT,Light Duty Vehicles Short Wheelbase,1257490964342
2020,2019,Other_Urban_VMT,Motorcycles,10512450146
2020,2019,Other_Urban_VMT,Buses,9261358734
2020,2019,Other_Urban_VMT,Light Duty Vehicles Long Wheelbase,330100891754
2020,2019,Other_Urban_VMT,Single Unit Trucks,58651559692
2020,2019,Other_Urban_VMT,Combination Trucks,36148528255
2020,2019,Other_Urban_VMT,All Light Duty Vehicles,1587591856096
2020,2019,Other_Urban_VMT,Single Unit and Combination Trucks,94800087947
2020,2020,All_Urban_VMT,Light Duty Vehicles Short Wheelbase,1411308232021
2020,2020,All_Urban_VMT,Motorcycles,12070849254
2020,2020,All_Urban_VMT,Buses,9851148703
2020,2020,All_Urban_VMT,Light Duty Vehicles Long Wheelbase,407680429836
2020,2020,All_Urban_VMT,Single Unit Trucks,73685157811
2020,2020,All_Urban_VMT,Combination Trucks,85498893115
2020,2020,All_Urban_VMT,All Light Duty Vehicles,1818988661857
2020,2020,All_Urban_VMT,Single Unit and Combination Trucks,159184050926
2020,2019,All_Urban_VMT,Light Duty Vehicles Short Wheelbase,1661848177769
2020,2019,All_Urban_VMT,Motorcycles,13070203206
2020,2019,All_Urban_VMT,Buses,11944346722
2020,2019,All_Urban_VMT,Light Duty Vehicles Long Wheelbase,430885646683
2020,2019,All_Urban_VMT,Single Unit Trucks,78577807632
2020,2019,All_Urban_VMT,Combination Trucks,81592894709
2020,2019,All_Urban_VMT,All Light Duty Vehicles,2092733824452
2020,2019,All_Urban_VMT,Single Unit and Combination Trucks,160170702341
2020,2020,Total_VMT,Light Duty Vehicles Short Wheelbase,1934742509952
2020,2020,Total_VMT,Motorcycles,17947467947
2020,2020,Total_VMT,Buses,15036712426
2020,2020,Total_VMT,Light Duty Vehicles Long Wheelbase,638245861099
2020,2020,Total_VMT,Single Unit Trucks,117832173934
2020,2020,Total_VMT,Combination Trucks,179816800923
2020,2020,Total_VMT,All Light Duty Vehicles,2572988371051
2020,2020,Total_VMT,Single Unit and Combination Trucks,297648974857
2020,2019,Total_VMT,Light Duty Vehicles Short Wheelbase,2254308905162
2020,2019,Total_VMT,Motorcycles,19688045034
2020,2019,Total_VMT,Buses,17979988907
2020,2019,Total_VMT,Light Duty Vehicles Long Wheelbase,669744315204
2020,2019,Total_VMT,Single Unit Trucks,124745707181
2020,2019,Total_VMT,Combination Trucks,175304701353
2020,2019,Total_VMT,All Light Duty Vehicles,2924053220366
2020,2019,Total_VMT,Single Unit and Combination Trucks,300050408534
2020,2020,No._Vehicles_Registered,Light Duty Vehicles Short Wheelbase,194788825
2020,2020,No._Vehicles_Registered,Motorcycles,8347435
2020,2020,No._Vehicles_Registered,Buses,1010304
2020,2020,No._Vehicles_Registered,Light Duty Vehicles Long Wheelbase,58890431
2020,2020,No._Vehicles_Registered,Single Unit Trucks,9908410
2020,2020,No._Vehicles_Registered,Combination Trucks,2990962
2020,2020,No._Vehicles_Registered,All Light Duty Vehicles,253679256
2020,2020,No._Vehicles_Registered,Single Unit and Combination Trucks,12899372
2020,2019,No._Vehicles_Registered,Light Duty Vehicles Short Wheelbase,194348815
2020,2019,No._Vehicles_Registered,Motorcycles,8596314
2020,2019,No._Vehicles_Registered,Buses,995033
2020,2019,No._Vehicles_Registered,Light Duty Vehicles Long Wheelbase,59465369
2020,2019,No._Vehicles_Registered,Single Unit Trucks,10160433
2020,2019,No._Vehicles_Registered,Combination Trucks,2925210
2020,2019,No._Vehicles_Registered,All Light Duty Vehicles,253814184
2020,2019,No._Vehicles_Registered,Single Unit and Combination Trucks,13085643
2020,2020,Avg._Miles_per_Vehicle,Light Duty Vehicles Short Wheelbase,9933
2020,2020,Avg._Miles_per_Vehicle,Motorcycles,2150
2020,2020,Avg._Miles_per_Vehicle,Buses,14883
2020,2020,Avg._Miles_per_Vehicle,Light Duty Vehicles Long Wheelbase,10838
2020,2020,Avg._Miles_per_Vehicle,Single Unit Trucks,11892
2020,2020,Avg._Miles_per_Vehicle,Combination Trucks,60120
2020,2020,Avg._Miles_per_Vehicle,All Light Duty Vehicles,10143
2020,2020,Avg._Miles_per_Vehicle,Single Unit and Combination Trucks,23075
2020,2019,Avg._Miles_per_Vehicle,Light Duty Vehicles Short Wheelbase,11599
2020,2019,Avg._Miles_per_Vehicle,Motorcycles,2290
2020,2019,Avg._Miles_per_Vehicle,Buses,18070
2020,2019,Avg._Miles_per_Vehicle,Light Duty Vehicles Long Wheelbase,11263
2020,2019,Avg._Miles_per_Vehicle,Single Unit Trucks,12278
2020,2019,Avg._Miles_per_Vehicle,Combination Trucks,59929
2020,2019,Avg._Miles_per_Vehicle,All Light Duty Vehicles,11520
2020,2019,Avg._Miles_per_Vehicle,Single Unit and Combination Trucks,22930
2020,2020,Person-Miles,Light Duty Vehicles Short Wheelbase,3225210033010
2020,2020,Person-Miles,Motorcycles,21617725142
2020,2020,Person-Miles,Buses,318778303428
2020,2020,Person-Miles,Light Duty Vehicles Long Wheelbase,1084960167161
2020,2020,Person-Miles,Single Unit Trucks,117832173934
2020,2020,Person-Miles,Combination Trucks,179816800923
2020,2020,Person-Miles,All Light Duty Vehicles,4310170200171
2020,2020,Person-Miles,Single Unit and Combination Trucks,297648974857
2020,2019,Person-Miles,Light Duty Vehicles Short Wheelbase,3765896012144
2020,2019,Person-Miles,Motorcycles,22846373475
2020,2019,Person-Miles,Buses,381175764825
2020,2019,Person-Miles,Light Duty Vehicles Long Wheelbase,1128488888704
2020,2019,Person-Miles,Single Unit Trucks,124745707181
2020,2019,Person-Miles,Combination Trucks,175304701353
2020,2019,Person-Miles,All Light Duty Vehicles,4894384900848
2020,2019,Person-Miles,Single Unit and Combination Trucks,300050408534
2020,2020,Fuel_Consumed,Light Duty Vehicles Short Wheelbase,78721897852
2020,2020,Fuel_Consumed,Motorcycles,408255271
2020,2020,Fuel_Consumed,Buses,2038723174
2020,2020,Fuel_Consumed,Light Duty Vehicles Long Wheelbase,35676671881
2020,2020,Fuel_Consumed,Single Unit Trucks,15179898943
2020,2020,Fuel_Consumed,Combination Trucks,27159040880
2020,2020,Fuel_Consumed,All Light Duty Vehicles,114398569732
2020,2020,Fuel_Consumed,Single Unit and Combination Trucks,42338939823
2020,2019,Fuel_Consumed,Light Duty Vehicles Short Wheelbase,93425984418
2020,2019,Fuel_Consumed,Motorcycles,447861807
2020,2019,Fuel_Consumed,Buses,2450614879
2020,2019,Fuel_Consumed,Light Duty Vehicles Long Wheelbase,38029746518
2020,2019,Fuel_Consumed,Single Unit Trucks,16656910752
2020,2019,Fuel_Consumed,Combination Trucks,28987013626
2020,2019,Fuel_Consumed,All Light Duty Vehicles,131455730937
2020,2019,Fuel_Consumed,Single Unit and Combination Trucks,45643924378
2020,2020,Avg._Fuel_per_Vehicle,Light Duty Vehicles Short Wheelbase,404
2020,2020,Avg._Fuel_per_Vehicle,Motorcycles,49
2020,2020,Avg._Fuel_per_Vehicle,Buses,2018
2020,2020,Avg._Fuel_per_Vehicle,Light Duty Vehicles Long Wheelbase,606
2020,2020,Avg._Fuel_per_Vehicle,Single Unit Trucks,1532
2020,2020,Avg._Fuel_per_Vehicle,Combination Trucks,9080
2020,2020,Avg._Fuel_per_Vehicle,All Light Duty Vehicles,451
2020,2020,Avg._Fuel_per_Vehicle,Single Unit and Combination Trucks,3282
2020,2019,Avg._Fuel_per_Vehicle,Light Duty Vehicles Short Wheelbase,481
2020,2019,Avg._Fuel_per_Vehicle,Motorcycles,52
2020,2019,Avg._Fuel_per_Vehicle,Buses,2463
2020,2019,Avg._Fuel_per_Vehicle,Light Duty Vehicles Long Wheelbase,640
2020,2019,Avg._Fuel_per_Vehicle,Single Unit Trucks,1639
2020,2019,Avg._Fuel_per_Vehicle,Combination Trucks,9909
2020,2019,Avg._Fuel_per_Vehicle,All Light Duty Vehicles,518
2020,2019,Avg._Fuel_per_Vehicle,Single Unit and Combination Trucks,3488
2020,2020,Avg._Miles_Traveled_per_Gallon,Light Duty Vehicles Short Wheelbase,25
2020,2020,Avg._Miles_Traveled_per_Gallon,Motorcycles,44
2020,2020,Avg._Miles_Traveled_per_Gallon,Buses,7
2020,2020,Avg._Miles_Traveled_per_Gallon,Light Duty Vehicles Long Wheelbase,18
2020,2020,Avg._Miles_Traveled_per_Gallon,Single Unit Trucks,8
2020,2020,Avg._Miles_Traveled_per_Gallon,Combination Trucks,7
2020,2020,Avg._Miles_Traveled_per_Gallon,All Light Duty Vehicles,22
2020,2020,Avg._Miles_Traveled_per_Gallon,Single Unit and Combination Trucks,7
2020,2019,Avg._Miles_Traveled_per_Gallon,Light Duty Vehicles Short Wheelbase,24
2020,2019,Avg._Miles_Traveled_per_Gallon,Motorcycles,44
2020,2019,Avg._Miles_Traveled_per_Gallon,Buses,7
2020,2019,Avg._Miles_Traveled_per_Gallon,Light Duty Vehicles Long Wheelbase,18
2020,2019,Avg._Miles_Traveled_per_Gallon,Single Unit Trucks,7
2020,2019,Avg._Miles_Traveled_per_Gallon,Combination Trucks,6
2020,2019,Avg._Miles_Traveled_per_Gallon,All Light Duty Vehicles,22
2020,2019,Avg._Miles_Traveled_per_Gallon,Single Unit and Combination Trucks,7
2019,2019,Interstate_Rural_VMT,Light Duty Vehicles Short Wheelbase,148256617512
2019,2019,Interstate_Rural_VMT,Motorcycles,1175324674
2019,2019,Interstate_Rural_VMT,Buses,1716947987
2019,2019,Interstate_Rural_VMT,Light Duty Vehicles Long Wheelbase,48498605965
2019,2019,Interstate_Rural_VMT,Single Unit Trucks,10886727901
2019,2019,Interstate_Rural_VMT,Combination Trucks,51109824986
2019,2019,Interstate_Rural_VMT,All Light Duty Vehicles,196755223477
2019,2019,Interstate_Rural_VMT,Single Unit and Combination Trucks,61996552887
2019,2018,Interstate_Rural_VMT,Light Duty Vehicles Short Wheelbase,147065064055
2019,2018,Interstate_Rural_VMT,Motorcycles,1311874265
2019,2018,Interstate_Rural_VMT,Buses,1664445373
2019,2018,Interstate_Rural_VMT,Light Duty Vehicles Long Wheelbase,46092441379
2019,2018,Interstate_Rural_VMT,Single Unit Trucks,10418442725
2019,2018,Interstate_Rural_VMT,Combination Trucks,50687735008
2019,2018,Interstate_Rural_VMT,All Light Duty Vehicles,193157505434
2019,2018,Interstate_Rural_VMT,Single Unit and Combination Trucks,61106177733
2019,2019,Other_Arterial_Rural_VMT,Light Duty Vehicles Short Wheelbase,234141804883
2019,2019,Other_Arterial_Rural_VMT,Motorcycles,2607152466
2019,2019,Other_Arterial_Rural_VMT,Buses,2338981607
2019,2019,Other_Arterial_Rural_VMT,Light Duty Vehicles Long Wheelbase,96414058643
2019,2019,Other_Arterial_Rural_VMT,Single Unit Trucks,18238274613
2019,2019,Other_Arterial_Rural_VMT,Combination Trucks,30067674201
2019,2019,Other_Arterial_Rural_VMT,All Light Duty Vehicles,330555863525
2019,2019,Other_Arterial_Rural_VMT,Single Unit and Combination Trucks,48305948813
2019,2018,Other_Arterial_Rural_VMT,Light Duty Vehicles Short Wheelbase,233940822364
2019,2018,Other_Arterial_Rural_VMT,Motorcycles,2666861179
2019,2018,Other_Arterial_Rural_VMT,Buses,2271305802
2019,2018,Other_Arterial_Rural_VMT,Light Duty Vehicles Long Wheelbase,92830486756
2019,2018,Other_Arterial_Rural_VMT,Single Unit Trucks,17655974538
2019,2018,Other_Arterial_Rural_VMT,Combination Trucks,30165666685
2019,2018,Other_Arterial_Rural_VMT,All Light Duty Vehicles,326771309120
2019,2018,Other_Arterial_Rural_VMT,Single Unit and Combination Trucks,47821641223
2019,2019,Other_Rural_VMT,Light Duty Vehicles Short Wheelbase,210062304998
2019,2019,Other_Rural_VMT,Motorcycles,2835364688
2019,2019,Other_Rural_VMT,Buses,1979712591
2019,2019,Other_Rural_VMT,Light Duty Vehicles Long Wheelbase,93946003914
2019,2019,Other_Rural_VMT,Single Unit Trucks,17042897035
2019,2019,Other_Rural_VMT,Combination Trucks,12534307457
2019,2019,Other_Rural_VMT,All Light Duty Vehicles,304008308912
2019,2019,Other_Rural_VMT,Single Unit and Combination Trucks,29577204493
2019,2018,Other_Rural_VMT,Light Duty Vehicles Short Wheelbase,212918643852
2019,2018,Other_Rural_VMT,Motorcycles,2786114442
2019,2018,Other_Rural_VMT,Buses,2080540417
2019,2018,Other_Rural_VMT,Light Duty Vehicles Long Wheelbase,92630080839
2019,2018,Other_Rural_VMT,Single Unit Trucks,17338559217
2019,2018,Other_Rural_VMT,Combination Trucks,14276787622
2019,2018,Other_Rural_VMT,All Light Duty Vehicles,305548724691
2019,2018,Other_Rural_VMT,Single Unit and Combination Trucks,31615346839
2019,2019,All_Rural_VMT,Light Duty Vehicles Short Wheelbase,592460727393
2019,2019,All_Rural_VMT,Motorcycles,6617841828
2019,2019,All_Rural_VMT,Buses,6035642185
2019,2019,All_Rural_VMT,Light Duty Vehicles Long Wheelbase,238858668521
2019,2019,All_Rural_VMT,Single Unit Trucks,46167899549
2019,2019,All_Rural_VMT,Combination Trucks,93711806644
2019,2019,All_Rural_VMT,All Light Duty Vehicles,831319395914
2019,2019,All_Rural_VMT,Single Unit and Combination Trucks,139879706193
2019,2018,All_Rural_VMT,Light Duty Vehicles Short Wheelbase,593924530271
2019,2018,All_Rural_VMT,Motorcycles,6764849887
2019,2018,All_Rural_VMT,Buses,6016291593
2019,2018,All_Rural_VMT,Light Duty Vehicles Long Wheelbase,231553008974
2019,2018,All_Rural_VMT,Single Unit Trucks,45412976480
2019,2018,All_Rural_VMT,Combination Trucks,95130189314
2019,2018,All_Rural_VMT,All Light Duty Vehicles,825477539245
2019,2018,All_Rural_VMT,Single Unit and Combination Trucks,140543165795
2019,2019,Interstate_Urban_VMT,Light Duty Vehicles Short Wheelbase,404357213427
2019,2019,Interstate_Urban_VMT,Motorcycles,2557753060
2019,2019,Interstate_Urban_VMT,Buses,2682987988
2019,2019,Interstate_Urban_VMT,Light Duty Vehicles Long Wheelbase,100784754929
2019,2019,Interstate_Urban_VMT,Single Unit Trucks,19926247940
2019,2019,Interstate_Urban_VMT,Combination Trucks,45444366454
2019,2019,Interstate_Urban_VMT,All Light Duty Vehicles,505141968357
2019,2019,Interstate_Urban_VMT,Single Unit and Combination Trucks,65370614394
2019,2018,Interstate_Urban_VMT,Light Duty Vehicles Short Wheelbase,398747942169
2019,2018,Interstate_Urban_VMT,Motorcycles,2606204043
2019,2018,Interstate_Urban_VMT,Buses,2792726203
2019,2018,Interstate_Urban_VMT,Light Duty Vehicles Long Wheelbase,100541003213
2019,2018,Interstate_Urban_VMT,Single Unit Trucks,19426835204
2019,2018,Interstate_Urban_VMT,Combination Trucks,47300085542
2019,2018,Interstate_Urban_VMT,All Light Duty Vehicles,499288945382
2019,2018,Interstate_Urban_VMT,Single Unit and Combination Trucks,66726920747
2019,2019,Other_Urban_VMT,Light Duty Vehicles Short Wheelbase,1257490964342
2019,2019,Other_Urban_VMT,Motorcycles,10512450146
2019,2019,Other_Urban_VMT,Buses,9261358734
2019,2019,Other_Urban_VMT,Light Duty Vehicles Long Wheelbase,330100891754
2019,2019,Other_Urban_VMT,Single Unit Trucks,58651559692
2019,2019,Other_Urban_VMT,Combination Trucks,36148528255
2019,2019,Other_Urban_VMT,All Light Duty Vehicles,1587591856096
2019,2019,Other_Urban_VMT,Single Unit and Combination Trucks,94800087947
2019,2018,Other_Urban_VMT,Light Duty Vehicles Short Wheelbase,1239915346481
2019,2018,Other_Urban_VMT,Motorcycles,10705122677
2019,2018,Other_Urban_VMT,Buses,9494382691
2019,2018,Other_Urban_VMT,Light Duty Vehicles Long Wheelbase,332401019068
2019,2018,Other_Urban_VMT,Single Unit Trucks,55859182530
2019,2018,Other_Urban_VMT,Combination Trucks,41734846294
2019,2018,Other_Urban_VMT,All Light Duty Vehicles,1572316365549
2019,2018,Other_Urban_VMT,Single Unit and Combination Trucks,97594028824
2019,2019,All_Urban_VMT,Light Duty Vehicles Short Wheelbase,1661848177769
2019,2019,All_Urban_VMT,Motorcycles,13070203206
2019,2019,All_Urban_VMT,Buses,11944346722
2019,2019,All_Urban_VMT,Light Duty Vehicles Long Wheelbase,430885646683
2019,2019,All_Urban_VMT,Single Unit Trucks,78577807632
2019,2019,All_Urban_VMT,Combination Trucks,81592894709
2019,2019,All_Urban_VMT,All Light Duty Vehicles,2092733824452
2019,2019,All_Urban_VMT,Single Unit and Combination Trucks,160170702341
2019,2018,All_Urban_VMT,Light Duty Vehicles Short Wheelbase,1638663288649
2019,2018,All_Urban_VMT,Motorcycles,13311326720
2019,2018,All_Urban_VMT,Buses,12287108895
2019,2018,All_Urban_VMT,Light Duty Vehicles Long Wheelbase,432942022281
2019,2018,All_Urban_VMT,Single Unit Trucks,75286017734
2019,2018,All_Urban_VMT,Combination Trucks,89034931837
2019,2018,All_Urban_VMT,All Light Duty Vehicles,2071605310930
2019,2018,All_Urban_VMT,Single Unit and Combination Trucks,164320949571
2019,2019,Total_VMT,Light Duty Vehicles Short Wheelbase,2254308905162
2019,2019,Total_VMT,Motorcycles,19688045034
2019,2019,Total_VMT,Buses,17979988907
2019,2019,Total_VMT,Light Duty Vehicles Long Wheelbase,669744315204
2019,2019,Total_VMT,Single Unit Trucks,124745707181
2019,2019,Total_VMT,Combination Trucks,175304701353
2019,2019,Total_VMT,All Light Duty Vehicles,2924053220366
2019,2019,Total_VMT,Single Unit and Combination Trucks,300050408534
2019,2018,Total_VMT,Light Duty Vehicles Short Wheelbase,2232587818920
2019,2018,Total_VMT,Motorcycles,20076176607
2019,2018,Total_VMT,Buses,18303400488
2019,2018,Total_VMT,Light Duty Vehicles Long Wheelbase,664495031255
2019,2018,Total_VMT,Single Unit Trucks,120698994215
2019,2018,Total_VMT,Combination Trucks,184165121151
2019,2018,Total_VMT,All Light Duty Vehicles,2897082850175
2019,2018,Total_VMT,Single Unit and Combination Trucks,304864115366
2019,2019,No._Vehicles_Registered,Light Duty Vehicles Short Wheelbase,194348815
2019,2019,No._Vehicles_Registered,Motorcycles,8596314
2019,2019,No._Vehicles_Registered,Buses,995033
2019,2019,No._Vehicles_Registered,Light Duty Vehicles Long Wheelbase,59465369
2019,2019,No._Vehicles_Registered,Single Unit Trucks,10160433
2019,2019,No._Vehicles_Registered,Combination Trucks,2925210
2019,2019,No._Vehicles_Registered,All Light Duty Vehicles,253814184
2019,2019,No._Vehicles_Registered,Single Unit and Combination Trucks,13085643
2019,2018,No._Vehicles_Registered,Light Duty Vehicles Short Wheelbase,192856211
2019,2018,No._Vehicles_Registered,Motorcycles,8666185
2019,2018,No._Vehicles_Registered,Buses,992152
2019,2018,No._Vehicles_Registered,Light Duty Vehicles Long Wheelbase,57853642
2019,2018,No._Vehicles_Registered,Single Unit Trucks,10327899
2019,2018,No._Vehicles_Registered,Combination Trucks,2906011
2019,2018,No._Vehicles_Registered,All Light Duty Vehicles,250709853
2019,2018,No._Vehicles_Registered,Single Unit and Combination Trucks,13233910
2019,2019,Avg._Miles_per_Vehicle,Light Duty Vehicles Short Wheelbase,11599
2019,2019,Avg._Miles_per_Vehicle,Motorcycles,2290
2019,2019,Avg._Miles_per_Vehicle,Buses,18070
2019,2019,Avg._Miles_per_Vehicle,Light Duty Vehicles Long Wheelbase,11263
2019,2019,Avg._Miles_per_Vehicle,Single Unit Trucks,12278
2019,2019,Avg._Miles_per_Vehicle,Combination Trucks,59929
2019,2019,Avg._Miles_per_Vehicle,All Light Duty Vehicles,11520
2019,2019,Avg._Miles_per_Vehicle,Single Unit and Combination Trucks,22930
2019,2018,Avg._Miles_per_Vehicle,Light Duty Vehicles Short Wheelbase,11576
2019,2018,Avg._Miles_per_Vehicle,Motorcycles,2317
2019,2018,Avg._Miles_per_Vehicle,Buses,18448
2019,2018,Avg._Miles_per_Vehicle,Light Duty Vehicles Long Wheelbase,11486
2019,2018,Avg._Miles_per_Vehicle,Single Unit Trucks,11687
2019,2018,Avg._Miles_per_Vehicle,Combination Trucks,63374
2019,2018,Avg._Miles_per_Vehicle,All Light Duty Vehicles,11556
2019,2018,Avg._Miles_per_Vehicle,Single Unit and Combination Trucks,23037
2019,2019,Person-Miles,Light Duty Vehicles Short Wheelbase,3765896012144
2019,2019,Person-Miles,Motorcycles,22846373475
2019,2019,Person-Miles,Buses,381175764825
2019,2019,Person-Miles,Light Duty Vehicles Long Wheelbase,1128488888704
2019,2019,Person-Miles,Single Unit Trucks,124745707181
2019,2019,Person-Miles,Combination Trucks,175304701353
2019,2019,Person-Miles,All Light Duty Vehicles,4894384900848
2019,2019,Person-Miles,Single Unit and Combination Trucks,300050408534
2019,2018,Person-Miles,Light Duty Vehicles Short Wheelbase,3729610234329
2019,2018,Person-Miles,Motorcycles,23296768568
2019,2018,Person-Miles,Buses,388032090337
2019,2018,Person-Miles,Light Duty Vehicles Long Wheelbase,1119644082595
2019,2018,Person-Miles,Single Unit Trucks,120698994215
2019,2018,Person-Miles,Combination Trucks,184165121151
2019,2018,Person-Miles,All Light Duty Vehicles,4849254316925
2019,2018,Person-Miles,Single Unit and Combination Trucks,304864115366
2019,2019,Fuel_Consumed,Light Duty Vehicles Short Wheelbase,93425984418
2019,2019,Fuel_Consumed,Motorcycles,447861807
2019,2019,Fuel_Consumed,Buses,2450614879
2019,2019,Fuel_Consumed,Light Duty Vehicles Long Wheelbase,38029746518
2019,2019,Fuel_Consumed,Single Unit Trucks,16656910752
2019,2019,Fuel_Consumed,Combination Trucks,28987013626
2019,2019,Fuel_Consumed,All Light Duty Vehicles,131455730937
2019,2019,Fuel_Consumed,Single Unit and Combination Trucks,45643924378
2019,2018,Fuel_Consumed,Light Duty Vehicles Short Wheelbase,91585334427
2019,2018,Fuel_Consumed,Motorcycles,456657380
2019,2018,Fuel_Consumed,Buses,2493815377
2019,2018,Fuel_Consumed,Light Duty Vehicles Long Wheelbase,37189349730
2019,2018,Fuel_Consumed,Single Unit Trucks,16080121829
2019,2018,Fuel_Consumed,Combination Trucks,30325060257
2019,2018,Fuel_Consumed,All Light Duty Vehicles,128774684157
2019,2018,Fuel_Consumed,Single Unit and Combination Trucks,46405182086
2019,2019,Avg._Fuel_per_Vehicle,Light Duty Vehicles Short Wheelbase,481
2019,2019,Avg._Fuel_per_Vehicle,Motorcycles,52
2019,2019,Avg._Fuel_per_Vehicle,Buses,2463
2019,2019,Avg._Fuel_per_Vehicle,Light Duty Vehicles Long Wheelbase,640
2019,2019,Avg._Fuel_per_Vehicle,Single Unit Trucks,1639
2019,2019,Avg._Fuel_per_Vehicle,Combination Trucks,9909
2019,2019,Avg._Fuel_per_Vehicle,All Light Duty Vehicles,518
2019,2019,Avg._Fuel_per_Vehicle,Single Unit and Combination Trucks,3488
2019,2018,Avg._Fuel_per_Vehicle,Light Duty Vehicles Short Wheelbase,475
2019,2018,Avg._Fuel_per_Vehicle,Motorcycles,53
2019,2018,Avg._Fuel_per_Vehicle,Buses,2514
2019,2018,Avg._Fuel_per_Vehicle,Light Duty Vehicles Long Wheelbase,643
2019,2018,Avg._Fuel_per_Vehicle,Single Unit Trucks,1557
2019,2018,Avg._Fuel_per_Vehicle,Combination Trucks,10435
2019,2018,Avg._Fuel_per_Vehicle,All Light Duty Vehicles,514
2019,2018,Avg._Fuel_per_Vehicle,Single Unit and Combination Trucks,3507
2019,2019,Avg._Miles_Traveled_per_Gallon,Light Duty Vehicles Short Wheelbase,24
2019,2019,Avg._Miles_Traveled_per_Gallon,Motorcycles,44
2019,2019,Avg._Miles_Traveled_per_Gallon,Buses,7
2019,2019,Avg._Miles_Traveled_per_Gallon,Light Duty Vehicles Long Wheelbase,18
2019,2019,Avg._Miles_Traveled_per_Gallon,Single Unit Trucks,7
2019,2019,Avg._Miles_Traveled_per_Gallon,Combination Trucks,6
2019,2019,Avg._Miles_Traveled_per_Gallon,All Light Duty Vehicles,22
2019,2019,Avg._Miles_Traveled_per_Gallon,Single Unit and Combination Trucks,7
2019,2018,Avg._Miles_Traveled_per_Gallon,Light Duty Vehicles Short Wheelbase,24
2019,2018,Avg._Miles_Traveled_per_Gallon,Motorcycles,44
2019,2018,Avg._Miles_Traveled_per_Gallon,Buses,7
2019,2018,Avg._Miles_Traveled_per_Gallon,Light Duty Vehicles Long Wheelbase,18
2019,2018,Avg._Miles_Traveled_per_Gallon,Single Unit Trucks,8
2019,2018,Avg._Miles_Traveled_per_Gallon,Combination Trucks,6
2019,2018,Avg._Miles_Traveled_per_Gallon,All Light Duty Vehicles,22
2019,2018,Avg._Miles_Traveled_per_Gallon,Single Unit and Combination Trucks,7
2018,2018,Interstate_Rural_VMT,Light Duty Vehicles Short Wheelbase,147065064055
2018,2018,Interstate_Rural_VMT,Motorcycles,1311874265
2018,2018,Interstate_Rural_VMT,Buses,1664445373
2018,2018,Interstate_Rural_VMT,Light Duty Vehicles Long Wheelbase,46092441379
2018,2018,Interstate_Rural_VMT,Single Unit Trucks,10418442725
2018,2018,Interstate_Rural_VMT,Combination Trucks,50687735008
2018,2018,Interstate_Rural_VMT,All Light Duty Vehicles,193157505434
2018,2018,Interstate_Rural_VMT,Single Unit and Combination Trucks,61106177733
2018,2017,Interstate_Rural_VMT,Light Duty Vehicles Short Wheelbase,142444782566
2018,2017,Interstate_Rural_VMT,Motorcycles,1127827749
2018,2017,Interstate_Rural_VMT,Buses,1775473054
2018,2017,Interstate_Rural_VMT,Light Duty Vehicles Long Wheelbase,44928072557
2018,2017,Interstate_Rural_VMT,Single Unit Trucks,10103107174
2018,2017,Interstate_Rural_VMT,Combination Trucks,52170587712
2018,2017,Interstate_Rural_VMT,All Light Duty Vehicles,187372855123
2018,2017,Interstate_Rural_VMT,Single Unit and Combination Trucks,62273694886
2018,2018,Other_Arterial_Rural_VMT,Light Duty Vehicles Short Wheelbase,233940822364
2018,2018,Other_Arterial_Rural_VMT,Motorcycles,2666861179
2018,2018,Other_Arterial_Rural_VMT,Buses,2271305802
2018,2018,Other_Arterial_Rural_VMT,Light Duty Vehicles Long Wheelbase,92830486756
2018,2018,Other_Arterial_Rural_VMT,Single Unit Trucks,17655974538
2018,2018,Other_Arterial_Rural_VMT,Combination Trucks,30165666685
2018,2018,Other_Arterial_Rural_VMT,All Light Duty Vehicles,326771309120
2018,2018,Other_Arterial_Rural_VMT,Single Unit and Combination Trucks,47821641223
2018,2017,Other_Arterial_Rural_VMT,Light Duty Vehicles Short Wheelbase,228663883618
2018,2017,Other_Arterial_Rural_VMT,Motorcycles,2661430187
2018,2017,Other_Arterial_Rural_VMT,Buses,2108600290
2018,2017,Other_Arterial_Rural_VMT,Light Duty Vehicles Long Wheelbase,92175144935
2018,2017,Other_Arterial_Rural_VMT,Single Unit Trucks,16814129950
2018,2017,Other_Arterial_Rural_VMT,Combination Trucks,29970298295
2018,2017,Other_Arterial_Rural_VMT,All Light Duty Vehicles,320839028553
2018,2017,Other_Arterial_Rural_VMT,Single Unit and Combination Trucks,46784428244
2018,2018,Other_Rural_VMT,Light Duty Vehicles Short Wheelbase,212918643852
2018,2018,Other_Rural_VMT,Motorcycles,2786114442
2018,2018,Other_Rural_VMT,Buses,2080540417
2018,2018,Other_Rural_VMT,Light Duty Vehicles Long Wheelbase,92630080839
2018,2018,Other_Rural_VMT,Single Unit Trucks,17338559217
2018,2018,Other_Rural_VMT,Combination Trucks,14276787622
2018,2018,Other_Rural_VMT,All Light Duty Vehicles,305548724691
2018,2018,Other_Rural_VMT,Single Unit and Combination Trucks,31615346839
2018,2017,Other_Rural_VMT,Light Duty Vehicles Short Wheelbase,213923273044
2018,2017,Other_Rural_VMT,Motorcycles,2728011451
2018,2017,Other_Rural_VMT,Buses,1985514019
2018,2017,Other_Rural_VMT,Light Duty Vehicles Long Wheelbase,88418576188
2018,2017,Other_Rural_VMT,Single Unit Trucks,16562850173
2018,2017,Other_Rural_VMT,Combination Trucks,14644024917
2018,2017,Other_Rural_VMT,All Light Duty Vehicles,302341849231
2018,2017,Other_Rural_VMT,Single Unit and Combination Trucks,31206875090
2018,2018,All_Rural_VMT,Light Duty Vehicles Short Wheelbase,593924530271
2018,2018,All_Rural_VMT,Motorcycles,6764849887
2018,2018,All_Rural_VMT,Buses,6016291593
2018,2018,All_Rural_VMT,Light Duty Vehicles Long Wheelbase,231553008974
2018,2018,All_Rural_VMT,Single Unit Trucks,45412976480
2018,2018,All_Rural_VMT,Combination Trucks,95130189314
2018,2018,All_Rural_VMT,All Light Duty Vehicles,825477539245
2018,2018,All_Rural_VMT,Single Unit and Combination Trucks,140543165795
2018,2017,All_Rural_VMT,Light Duty Vehicles Short Wheelbase,585031939228
2018,2017,All_Rural_VMT,Motorcycles,6517269387
2018,2017,All_Rural_VMT,Buses,5869587363
2018,2017,All_Rural_VMT,Light Duty Vehicles Long Wheelbase,225521793679
2018,2017,All_Rural_VMT,Single Unit Trucks,43480087297
2018,2017,All_Rural_VMT,Combination Trucks,96784910923
2018,2017,All_Rural_VMT,All Light Duty Vehicles,810553732907
2018,2017,All_Rural_VMT,Single Unit and Combination Trucks,140264998220
2018,2018,Interstate_Urban_VMT,Light Duty Vehicles Short Wheelbase,398747942169
2018,2018,Interstate_Urban_VMT,Motorcycles,2606204043
2018,2018,Interstate_Urban_VMT,Buses,2792726203
2018,2018,Interstate_Urban_VMT,Light Duty Vehicles Long Wheelbase,100541003213
2018,2018,Interstate_Urban_VMT,Single Unit Trucks,19426835204
2018,2018,Interstate_Urban_VMT,Combination Trucks,47300085542
2018,2018,Interstate_Urban_VMT,All Light Duty Vehicles,499288945382
2018,2018,Interstate_Urban_VMT,Single Unit and Combination Trucks,66726920747
2018,2017,Interstate_Urban_VMT,Light Duty Vehicles Short Wheelbase,400338811781
2018,2017,Interstate_Urban_VMT,Motorcycles,2596212379
2018,2017,Interstate_Urban_VMT,Buses,2627688760
2018,2017,Interstate_Urban_VMT,Light Duty Vehicles Long Wheelbase,99803217215
2018,2017,Interstate_Urban_VMT,Single Unit Trucks,18616585527
2018,2017,Interstate_Urban_VMT,Combination Trucks,43227601536
2018,2017,Interstate_Urban_VMT,All Light Duty Vehicles,500142028996
2018,2017,Interstate_Urban_VMT,Single Unit and Combination Trucks,61844187063
2018,2018,Other_Urban_VMT,Light Duty Vehicles Short Wheelbase,1239915346481
2018,2018,Other_Urban_VMT,Motorcycles,10705122677
2018,2018,Other_Urban_VMT,Buses,9494382691
2018,2018,Other_Urban_VMT,Light Duty Vehicles Long Wheelbase,332401019068
2018,2018,Other_Urban_VMT,Single Unit Trucks,55859182530
2018,2018,Other_Urban_VMT,Combination Trucks,41734846294
2018,2018,Other_Urban_VMT,All Light Duty Vehicles,1572316365549
2018,2018,Other_Urban_VMT,Single Unit and Combination Trucks,97594028824
2018,2017,Other_Urban_VMT,Light Duty Vehicles Short Wheelbase,1235429784720
2018,2017,Other_Urban_VMT,Motorcycles,11035817968
2018,2017,Other_Urban_VMT,Buses,8730092240
2018,2017,Other_Urban_VMT,Light Duty Vehicles Long Wheelbase,331252515813
2018,2017,Other_Urban_VMT,Single Unit Trucks,54005726285
2018,2017,Other_Urban_VMT,Combination Trucks,41477669238
2018,2017,Other_Urban_VMT,All Light Duty Vehicles,1566682300533
2018,2017,Other_Urban_VMT,Single Unit and Combination Trucks,95483395523
2018,2018,All_Urban_VMT,Light Duty Vehicles Short Wheelbase,1638663288649
2018,2018,All_Urban_VMT,Motorcycles,13311326720
2018,2018,All_Urban_VMT,Buses,12287108895
2018,2018,All_Urban_VMT,Light Duty Vehicles Long Wheelbase,432942022281
2018,2018,All_Urban_VMT,Single Unit Trucks,75286017734
2018,2018,All_Urban_VMT,Combination Trucks,89034931837
2018,2018,All_Urban_VMT,All Light Duty Vehicles,2071605310930
2018,2018,All_Urban_VMT,Single Unit and Combination Trucks,164320949571
2018,2017,All_Urban_VMT,Light Duty Vehicles Short Wheelbase,1635768596501
2018,2017,All_Urban_VMT,Motorcycles,13632030347
2018,2017,All_Urban_VMT,Buses,11357781000
2018,2017,All_Urban_VMT,Light Duty Vehicles Long Wheelbase,431055733028
2018,2017,All_Urban_VMT,Single Unit Trucks,72622311812
2018,2017,All_Urban_VMT,Combination Trucks,84705270775
2018,2017,All_Urban_VMT,All Light Duty Vehicles,2066824329529
2018,2017,All_Urban_VMT,Single Unit and Combination Trucks,157327582587
2018,2018,Total_VMT,Light Duty Vehicles Short Wheelbase,2232587818920
2018,2018,Total_VMT,Motorcycles,20076176607
2018,2018,Total_VMT,Buses,18303400488
2018,2018,Total_VMT,Light Duty Vehicles Long Wheelbase,664495031255
2018,2018,Total_VMT,Single Unit Trucks,120698994215
2018,2018,Total_VMT,Combination Trucks,184165121151
2018,2018,Total_VMT,All Light Duty Vehicles,2897082850175
2018,2018,Total_VMT,Single Unit and Combination Trucks,304864115366
2018,2017,Total_VMT,Light Duty Vehicles Short Wheelbase,2220800535729
2018,2017,Total_VMT,Motorcycles,20149299734
2018,2017,Total_VMT,Buses,17227368362
2018,2017,Total_VMT,Light Duty Vehicles Long Wheelbase,656577526707
2018,2017,Total_VMT,Single Unit Trucks,116102399109
2018,2017,Total_VMT,Combination Trucks,181490181698
2018,2017,Total_VMT,All Light Duty Vehicles,2877378062436
2018,2017,Total_VMT,Single Unit and Combination Trucks,297592580807
2018,2018,No._Vehicles_Registered,Light Duty Vehicles Short Wheelbase,192856211
2018,2018,No._Vehicles_Registered,Motorcycles,8666185
2018,2018,No._Vehicles_Registered,Buses,992152
2018,2018,No._Vehicles_Registered,Light Duty Vehicles Long Wheelbase,57853642
2018,2018,No._Vehicles_Registered,Single Unit Trucks,10327899
2018,2018,No._Vehicles_Registered,Combination Trucks,2906011
2018,2018,No._Vehicles_Registered,All Light Duty Vehicles,250709853
2018,2018,No._Vehicles_Registered,Single Unit and Combination Trucks,13233910
2018,2017,No._Vehicles_Registered,Light Duty Vehicles Short Wheelbase,193672370
2018,2017,No._Vehicles_Registered,Motorcycles,8715204
2018,2017,No._Vehicles_Registered,Buses,983231
2018,2017,No._Vehicles_Registered,Light Duty Vehicles Long Wheelbase,56880878
2018,2017,No._Vehicles_Registered,Single Unit Trucks,9336998
2018,2017,No._Vehicles_Registered,Combination Trucks,2892218
2018,2017,No._Vehicles_Registered,All Light Duty Vehicles,250553248
2018,2017,No._Vehicles_Registered,Single Unit and Combination Trucks,12229216
2018,2018,Avg._Miles_per_Vehicle,Light Duty Vehicles Short Wheelbase,11576
2018,2018,Avg._Miles_per_Vehicle,Motorcycles,2317
2018,2018,Avg._Miles_per_Vehicle,Buses,18448
2018,2018,Avg._Miles_per_Vehicle,Light Duty Vehicles Long Wheelbase,11486
2018,2018,Avg._Miles_per_Vehicle,Single Unit Trucks,11687
2018,2018,Avg._Miles_per_Vehicle,Combination Trucks,63374
2018,2018,Avg._Miles_per_Vehicle,All Light Duty Vehicles,11556
2018,2018,Avg._Miles_per_Vehicle,Single Unit and Combination Trucks,23037
2018,2017,Avg._Miles_per_Vehicle,Light Duty Vehicles Short Wheelbase,11467
2018,2017,Avg._Miles_per_Vehicle,Motorcycles,2312
2018,2017,Avg._Miles_per_Vehicle,Buses,17521
2018,2017,Avg._Miles_per_Vehicle,Light Duty Vehicles Long Wheelbase,11543
2018,2017,Avg._Miles_per_Vehicle,Single Unit Trucks,12435
2018,2017,Avg._Miles_per_Vehicle,Combination Trucks,62751
2018,2017,Avg._Miles_per_Vehicle,All Light Duty Vehicles,11484
2018,2017,Avg._Miles_per_Vehicle,Single Unit and Combination Trucks,24335
2018,2018,Person-Miles,Light Duty Vehicles Short Wheelbase,3729610234329
2018,2018,Person-Miles,Motorcycles,23296768568
2018,2018,Person-Miles,Buses,388032090337
2018,2018,Person-Miles,Light Duty Vehicles Long Wheelbase,1119644082595
2018,2018,Person-Miles,Single Unit Trucks,120698994215
2018,2018,Person-Miles,Combination Trucks,184165121151
2018,2018,Person-Miles,All Light Duty Vehicles,4849254316925
2018,2018,Person-Miles,Single Unit and Combination Trucks,143995762782
2018,2017,Person-Miles,Light Duty Vehicles Short Wheelbase,3709919196131
2018,2017,Person-Miles,Motorcycles,23381622003
2018,2017,Person-Miles,Buses,365220209279
2018,2017,Person-Miles,Light Duty Vehicles Long Wheelbase,1106303445420
2018,2017,Person-Miles,Single Unit Trucks,116102399109
2018,2017,Person-Miles,Combination Trucks,181490181698
2018,2017,Person-Miles,All Light Duty Vehicles,4816222641552
2018,2017,Person-Miles,Single Unit and Combination Trucks,139484021113
2018,2018,Fuel_Consumed,Light Duty Vehicles Short Wheelbase,91585334427
2018,2018,Fuel_Consumed,Motorcycles,456657380
2018,2018,Fuel_Consumed,Buses,2493815377
2018,2018,Fuel_Consumed,Light Duty Vehicles Long Wheelbase,37189349730
2018,2018,Fuel_Consumed,Single Unit Trucks,16080121829
2018,2018,Fuel_Consumed,Combination Trucks,30325060257
2018,2018,Fuel_Consumed,All Light Duty Vehicles,128774684157
2018,2018,Fuel_Consumed,Single Unit and Combination Trucks,46405182086
2018,2017,Fuel_Consumed,Light Duty Vehicles Short Wheelbase,91712164888
2018,2017,Fuel_Consumed,Motorcycles,458428618
2018,2017,Fuel_Consumed,Buses,2350322809
2018,2017,Fuel_Consumed,Light Duty Vehicles Long Wheelbase,37466749228
2018,2017,Fuel_Consumed,Single Unit Trucks,15599855130
2018,2017,Fuel_Consumed,Combination Trucks,30363560805
2018,2017,Fuel_Consumed,All Light Duty Vehicles,129178914116
2018,2017,Fuel_Consumed,Single Unit and Combination Trucks,45963415935
2018,2018,Avg._Fuel_per_Vehicle,Light Duty Vehicles Short Wheelbase,475
2018,2018,Avg._Fuel_per_Vehicle,Motorcycles,53
2018,2018,Avg._Fuel_per_Vehicle,Buses,2514
2018,2018,Avg._Fuel_per_Vehicle,Light Duty Vehicles Long Wheelbase,643
2018,2018,Avg._Fuel_per_Vehicle,Single Unit Trucks,1557
2018,2018,Avg._Fuel_per_Vehicle,Combination Trucks,10435
2018,2018,Avg._Fuel_per_Vehicle,All Light Duty Vehicles,514
2018,2018,Avg._Fuel_per_Vehicle,Single Unit and Combination Trucks,3507
2018,2017,Avg._Fuel_per_Vehicle,Light Duty Vehicles Short Wheelbase,474
2018,2017,Avg._Fuel_per_Vehicle,Motorcycles,53
2018,2017,Avg._Fuel_per_Vehicle,Buses,2390
2018,2017,Avg._Fuel_per_Vehicle,Light Duty Vehicles Long Wheelbase,659
2018,2017,Avg._Fuel_per_Vehicle,Single Unit Trucks,1671
2018,2017,Avg._Fuel_per_Vehicle,Combination Trucks,10498
2018,2017,Avg._Fuel_per_Vehicle,All Light Duty Vehicles,516
2018,2017,Avg._Fuel_per_Vehicle,Single Unit and Combination Trucks,3758
2018,2018,Avg._Miles_Traveled_per_Gallon,Light Duty Vehicles Short Wheelbase,24
2018,2018,Avg._Miles_Traveled_per_Gallon,Motorcycles,44
2018,2018,Avg._Miles_Traveled_per_Gallon,Buses,7
2018,2018,Avg._Miles_Traveled_per_Gallon,Light Duty Vehicles Long Wheelbase,18
2018,2018,Avg._Miles_Traveled_per_Gallon,Single Unit Trucks,8
2018,2018,Avg._Miles_Traveled_per_Gallon,Combination Trucks,6
2018,2018,Avg._Miles_Traveled_per_Gallon,All Light Duty Vehicles,22
2018,2018,Avg._Miles_Traveled_per_Gallon,Single Unit and Combination Trucks,7
2018,2017,Avg._Miles_Traveled_per_Gallon,Light Duty Vehicles Short Wheelbase,24
2018,2017,Avg._Miles_Traveled_per_Gallon,Motorcycles,44
2018,2017,Avg._Miles_Traveled_per_Gallon,Buses,7
2018,2017,Avg._Miles_Traveled_per_Gallon,Light Duty Vehicles Long Wheelbase,18
2018,2017,Avg._Miles_Traveled_per_Gallon,Single Unit Trucks,7
2018,2017,Avg._Miles_Traveled_per_Gallon,Combination Trucks,6
2018,2017,Avg._Miles_Traveled_per_Gallon,All Light Duty Vehicles,22
2018,2017,Avg._Miles_Traveled_per_Gallon,Single Unit and Combination Trucks,6
2017,2017,Interstate_Rural_VMT,Light Duty Vehicles Short Wheelbase,142444782566
2017,2017,Interstate_Rural_VMT,Motorcycles,1127827749
2017,2017,Interstate_Rural_VMT,Buses,1775473054
2017,2017,Interstate_Rural_VMT,Light Duty Vehicles Long Wheelbase,44928072557
2017,2017,Interstate_Rural_VMT,Single Unit Trucks,10103107174
2017,2017,Interstate_Rural_VMT,Combination Trucks,52170587712
2017,2017,Interstate_Rural_VMT,All Light Duty Vehicles,187372855123
2017,2017,Interstate_Rural_VMT,Single Unit and Combination Trucks,62273694886
2017,2016,Interstate_Rural_VMT,Light Duty Vehicles Short Wheelbase,139460354056
2017,2016,Interstate_Rural_VMT,Motorcycles,1094562014
2017,2016,Interstate_Rural_VMT,Buses,1739835581
2017,2016,Interstate_Rural_VMT,Light Duty Vehicles Long Wheelbase,44086048717
2017,2016,Interstate_Rural_VMT,Single Unit Trucks,9905118797
2017,2016,Interstate_Rural_VMT,Combination Trucks,50430354020
2017,2016,Interstate_Rural_VMT,All Light Duty Vehicles,183546402773
2017,2016,Interstate_Rural_VMT,Single Unit and Combination Trucks,60335472817
2017,2017,Other_Arterial_Rural_VMT,Light Duty Vehicles Short Wheelbase,228663883618
2017,2017,Other_Arterial_Rural_VMT,Motorcycles,2661430187
2017,2017,Other_Arterial_Rural_VMT,Buses,2108600290
2017,2017,Other_Arterial_Rural_VMT,Light Duty Vehicles Long Wheelbase,92175144935
2017,2017,Other_Arterial_Rural_VMT,Single Unit Trucks,16814129950
2017,2017,Other_Arterial_Rural_VMT,Combination Trucks,29970298295
2017,2017,Other_Arterial_Rural_VMT,All Light Duty Vehicles,320839028553
2017,2017,Other_Arterial_Rural_VMT,Single Unit and Combination Trucks,46784428244
2017,2016,Other_Arterial_Rural_VMT,Light Duty Vehicles Short Wheelbase,226036375378
2017,2016,Other_Arterial_Rural_VMT,Motorcycles,2632964433
2017,2016,Other_Arterial_Rural_VMT,Buses,2115570765
2017,2016,Other_Arterial_Rural_VMT,Light Duty Vehicles Long Wheelbase,91655101054
2017,2016,Other_Arterial_Rural_VMT,Single Unit Trucks,16370801813
2017,2016,Other_Arterial_Rural_VMT,Combination Trucks,28793692686
2017,2016,Other_Arterial_Rural_VMT,All Light Duty Vehicles,317691476432
2017,2016,Other_Arterial_Rural_VMT,Single Unit and Combination Trucks,45164494499
2017,2017,Other_Rural_VMT,Light Duty Vehicles Short Wheelbase,213923273044
2017,2017,Other_Rural_VMT,Motorcycles,2728011451
2017,2017,Other_Rural_VMT,Buses,1985514019
2017,2017,Other_Rural_VMT,Light Duty Vehicles Long Wheelbase,88418576188
2017,2017,Other_Rural_VMT,Single Unit Trucks,16562850173
2017,2017,Other_Rural_VMT,Combination Trucks,14644024917
2017,2017,Other_Rural_VMT,All Light Duty Vehicles,302341849231
2017,2017,Other_Rural_VMT,Single Unit and Combination Trucks,31206875090
2017,2016,Other_Rural_VMT,Light Duty Vehicles Short Wheelbase,212456908979
2017,2016,Other_Rural_VMT,Motorcycles,2855863917
2017,2016,Other_Rural_VMT,Buses,1946119040
2017,2016,Other_Rural_VMT,Light Duty Vehicles Long Wheelbase,90026448104
2017,2016,Other_Rural_VMT,Single Unit Trucks,15563168895
2017,2016,Other_Rural_VMT,Combination Trucks,12375413941
2017,2016,Other_Rural_VMT,All Light Duty Vehicles,302483357083
2017,2016,Other_Rural_VMT,Single Unit and Combination Trucks,27938582836
2017,2017,All_Rural_VMT,Light Duty Vehicles Short Wheelbase,585031939228
2017,2017,All_Rural_VMT,Motorcycles,6517269387
2017,2017,All_Rural_VMT,Buses,5869587363
2017,2017,All_Rural_VMT,Light Duty Vehicles Long Wheelbase,225521793679
2017,2017,All_Rural_VMT,Single Unit Trucks,43480087297
2017,2017,All_Rural_VMT,Combination Trucks,96784910923
2017,2017,All_Rural_VMT,All Light Duty Vehicles,810553732907
2017,2017,All_Rural_VMT,Single Unit and Combination Trucks,140264998220
2017,2016,All_Rural_VMT,Light Duty Vehicles Short Wheelbase,577953638413
2017,2016,All_Rural_VMT,Motorcycles,6583390364
2017,2016,All_Rural_VMT,Buses,5801525386
2017,2016,All_Rural_VMT,Light Duty Vehicles Long Wheelbase,225767597874
2017,2016,All_Rural_VMT,Single Unit Trucks,41839089504
2017,2016,All_Rural_VMT,Combination Trucks,91599460648
2017,2016,All_Rural_VMT,All Light Duty Vehicles,803721236287
2017,2016,All_Rural_VMT,Single Unit and Combination Trucks,133438550152
2017,2017,Interstate_Urban_VMT,Light Duty Vehicles Short Wheelbase,400338811781
2017,2017,Interstate_Urban_VMT,Motorcycles,2596212379
2017,2017,Interstate_Urban_VMT,Buses,2627688760
2017,2017,Interstate_Urban_VMT,Light Duty Vehicles Long Wheelbase,99803217215
2017,2017,Interstate_Urban_VMT,Single Unit Trucks,18616585527
2017,2017,Interstate_Urban_VMT,Combination Trucks,43227601536
2017,2017,Interstate_Urban_VMT,All Light Duty Vehicles,500142028996
2017,2017,Interstate_Urban_VMT,Single Unit and Combination Trucks,61844187063
2017,2016,Interstate_Urban_VMT,Light Duty Vehicles Short Wheelbase,392837528497
2017,2016,Interstate_Urban_VMT,Motorcycles,2938828950
2017,2016,Interstate_Urban_VMT,Buses,2541776713
2017,2016,Interstate_Urban_VMT,Light Duty Vehicles Long Wheelbase,99523230115
2017,2016,Interstate_Urban_VMT,Single Unit Trucks,18555189110
2017,2016,Interstate_Urban_VMT,Combination Trucks,41991273605
2017,2016,Interstate_Urban_VMT,All Light Duty Vehicles,492360758612
2017,2016,Interstate_Urban_VMT,Single Unit and Combination Trucks,60546462715
2017,2017,Other_Urban_VMT,Light Duty Vehicles Short Wheelbase,1235429784720
2017,2017,Other_Urban_VMT,Motorcycles,11035817968
2017,2017,Other_Urban_VMT,Buses,8730092240
2017,2017,Other_Urban_VMT,Light Duty Vehicles Long Wheelbase,331252515813
2017,2017,Other_Urban_VMT,Single Unit Trucks,54005726285
2017,2017,Other_Urban_VMT,Combination Trucks,41477669238
2017,2017,Other_Urban_VMT,All Light Duty Vehicles,1566682300533
2017,2017,Other_Urban_VMT,Single Unit and Combination Trucks,95483395523
2017,2016,Other_Urban_VMT,Light Duty Vehicles Short Wheelbase,1220972971375
2017,2016,Other_Urban_VMT,Motorcycles,10923085633
2017,2016,Other_Urban_VMT,Buses,8006211209
2017,2016,Other_Urban_VMT,Light Duty Vehicles Long Wheelbase,332663253286
2017,2016,Other_Urban_VMT,Single Unit Trucks,52943663019
2017,2016,Other_Urban_VMT,Combination Trucks,40966244022
2017,2016,Other_Urban_VMT,All Light Duty Vehicles,1553636224660
2017,2016,Other_Urban_VMT,Single Unit and Combination Trucks,93909907040
2017,2017,All_Urban_VMT,Light Duty Vehicles Short Wheelbase,1635768596501
2017,2017,All_Urban_VMT,Motorcycles,13632030347
2017,2017,All_Urban_VMT,Buses,11357781000
2017,2017,All_Urban_VMT,Light Duty Vehicles Long Wheelbase,431055733028
2017,2017,All_Urban_VMT,Single Unit Trucks,72622311812
2017,2017,All_Urban_VMT,Combination Trucks,84705270775
2017,2017,All_Urban_VMT,All Light Duty Vehicles,2066824329529
2017,2017,All_Urban_VMT,Single Unit and Combination Trucks,157327582587
2017,2016,All_Urban_VMT,Light Duty Vehicles Short Wheelbase,1613810499871
2017,2016,All_Urban_VMT,Motorcycles,13861914583
2017,2016,All_Urban_VMT,Buses,10547987922
2017,2016,All_Urban_VMT,Light Duty Vehicles Long Wheelbase,432186483401
2017,2016,All_Urban_VMT,Single Unit Trucks,71498852128
2017,2016,All_Urban_VMT,Combination Trucks,82957517627
2017,2016,All_Urban_VMT,All Light Duty Vehicles,2045996983272
2017,2016,All_Urban_VMT,Single Unit and Combination Trucks,154456369755
2017,2017,Total_VMT,Light Duty Vehicles Short Wheelbase,2220800535729
2017,2017,Total_VMT,Motorcycles,20149299734
2017,2017,Total_VMT,Buses,17227368362
2017,2017,Total_VMT,Light Duty Vehicles Long Wheelbase,656577526707
2017,2017,Total_VMT,Single Unit Trucks,116102399109
2017,2017,Total_VMT,Combination Trucks,181490181698
2017,2017,Total_VMT,All Light Duty Vehicles,2877378062436
2017,2017,Total_VMT,Single Unit and Combination Trucks,297592580807
2017,2016,Total_VMT,Light Duty Vehicles Short Wheelbase,2191764138284
2017,2016,Total_VMT,Motorcycles,20445304947
2017,2016,Total_VMT,Buses,16349513308
2017,2016,Total_VMT,Light Duty Vehicles Long Wheelbase,657954081275
2017,2016,Total_VMT,Single Unit Trucks,113337941633
2017,2016,Total_VMT,Combination Trucks,174556978274
2017,2016,Total_VMT,All Light Duty Vehicles,2849718219559
2017,2016,Total_VMT,Single Unit and Combination Trucks,287894919907
2017,2017,No._Vehicles_Registered,Light Duty Vehicles Short Wheelbase,193672370
2017,2017,No._Vehicles_Registered,Motorcycles,8715204
2017,2017,No._Vehicles_Registered,Buses,983231
2017,2017,No._Vehicles_Registered,Light Duty Vehicles Long Wheelbase,56880878
2017,2017,No._Vehicles_Registered,Single Unit Trucks,9336998
2017,2017,No._Vehicles_Registered,Combination Trucks,2892218
2017,2017,No._Vehicles_Registered,All Light Duty Vehicles,250553248
2017,2017,No._Vehicles_Registered,Single Unit and Combination Trucks,12229216
2017,2016,No._Vehicles_Registered,Light Duty Vehicles Short Wheelbase,192774508
2017,2016,No._Vehicles_Registered,Motorcycles,8679380
2017,2016,No._Vehicles_Registered,Buses,976161
2017,2016,No._Vehicles_Registered,Light Duty Vehicles Long Wheelbase,54870473
2017,2016,No._Vehicles_Registered,Single Unit Trucks,8746518
2017,2016,No._Vehicles_Registered,Combination Trucks,2752043
2017,2016,No._Vehicles_Registered,All Light Duty Vehicles,247644981
2017,2016,No._Vehicles_Registered,Single Unit and Combination Trucks,11498561
2017,2017,Avg._Miles_per_Vehicle,Light Duty Vehicles Short Wheelbase,11467
2017,2017,Avg._Miles_per_Vehicle,Motorcycles,2312
2017,2017,Avg._Miles_per_Vehicle,Buses,17521
2017,2017,Avg._Miles_per_Vehicle,Light Duty Vehicles Long Wheelbase,11543
2017,2017,Avg._Miles_per_Vehicle,Single Unit Trucks,12435
2017,2017,Avg._Miles_per_Vehicle,Combination Trucks,62751
2017,2017,Avg._Miles_per_Vehicle,All Light Duty Vehicles,11484
2017,2017,Avg._Miles_per_Vehicle,Single Unit and Combination Trucks,24335
2017,2016,Avg._Miles_per_Vehicle,Light Duty Vehicles Short Wheelbase,11370
2017,2016,Avg._Miles_per_Vehicle,Motorcycles,2356
2017,2016,Avg._Miles_per_Vehicle,Buses,16749
2017,2016,Avg._Miles_per_Vehicle,Light Duty Vehicles Long Wheelbase,11991
2017,2016,Avg._Miles_per_Vehicle,Single Unit Trucks,12958
2017,2016,Avg._Miles_per_Vehicle,Combination Trucks,63428
2017,2016,Avg._Miles_per_Vehicle,All Light Duty Vehicles,11507
2017,2016,Avg._Miles_per_Vehicle,Single Unit and Combination Trucks,25037
2017,2017,Person-Miles,Light Duty Vehicles Short Wheelbase,3709919196131
2017,2017,Person-Miles,Motorcycles,23381622003
2017,2017,Person-Miles,Buses,365220209279
2017,2017,Person-Miles,Light Duty Vehicles Long Wheelbase,1106303445421
2017,2017,Person-Miles,Single Unit Trucks,116102399109
2017,2017,Person-Miles,Combination Trucks,181490181698
2017,2017,Person-Miles,All Light Duty Vehicles,4816222641552
2017,2017,Person-Miles,Single Unit and Combination Trucks,297592580807
2017,2016,Person-Miles,Light Duty Vehicles Short Wheelbase,3699794438008
2017,2016,Person-Miles,Motorcycles,23725111955
2017,2016,Person-Miles,Buses,346609682132
2017,2016,Person-Miles,Light Duty Vehicles Long Wheelbase,1075233505204
2017,2016,Person-Miles,Single Unit Trucks,113337941633
2017,2016,Person-Miles,Combination Trucks,174556978274
2017,2016,Person-Miles,All Light Duty Vehicles,4775027943212
2017,2016,Person-Miles,Single Unit and Combination Trucks,287894919907
2017,2017,Fuel_Consumed,Light Duty Vehicles Short Wheelbase,91712164888
2017,2017,Fuel_Consumed,Motorcycles,458428618
2017,2017,Fuel_Consumed,Buses,2350322809
2017,2017,Fuel_Consumed,Light Duty Vehicles Long Wheelbase,37466749228
2017,2017,Fuel_Consumed,Single Unit Trucks,15599855130
2017,2017,Fuel_Consumed,Combination Trucks,30363560805
2017,2017,Fuel_Consumed,All Light Duty Vehicles,129178914116
2017,2017,Fuel_Consumed,Single Unit and Combination Trucks,45963415935
2017,2016,Fuel_Consumed,Light Duty Vehicles Short Wheelbase,91487810256
2017,2016,Fuel_Consumed,Motorcycles,465802240
2017,2016,Fuel_Consumed,Buses,2225795433
2017,2016,Fuel_Consumed,Light Duty Vehicles Long Wheelbase,37818755208
2017,2016,Fuel_Consumed,Single Unit Trucks,15338478728
2017,2016,Fuel_Consumed,Combination Trucks,29554641135
2017,2016,Fuel_Consumed,All Light Duty Vehicles,129306565464
2017,2016,Fuel_Consumed,Single Unit and Combination Trucks,44893119863
2017,2017,Avg._Fuel_per_Vehicle,Light Duty Vehicles Short Wheelbase,474
2017,2017,Avg._Fuel_per_Vehicle,Motorcycles,53
2017,2017,Avg._Fuel_per_Vehicle,Buses,2390
2017,2017,Avg._Fuel_per_Vehicle,Light Duty Vehicles Long Wheelbase,659
2017,2017,Avg._Fuel_per_Vehicle,Single Unit Trucks,1671
2017,2017,Avg._Fuel_per_Vehicle,Combination Trucks,10498
2017,2017,Avg._Fuel_per_Vehicle,All Light Duty Vehicles,516
2017,2017,Avg._Fuel_per_Vehicle,Single Unit and Combination Trucks,3758
2017,2016,Avg._Fuel_per_Vehicle,Light Duty Vehicles Short Wheelbase,475
2017,2016,Avg._Fuel_per_Vehicle,Motorcycles,54
2017,2016,Avg._Fuel_per_Vehicle,Buses,2280
2017,2016,Avg._Fuel_per_Vehicle,Light Duty Vehicles Long Wheelbase,689
2017,2016,Avg._Fuel_per_Vehicle,Single Unit Trucks,1754
2017,2016,Avg._Fuel_per_Vehicle,Combination Trucks,10739
2017,2016,Avg._Fuel_per_Vehicle,All Light Duty Vehicles,522
2017,2016,Avg._Fuel_per_Vehicle,Single Unit and Combination Trucks,3904
2017,2017,Avg._Miles_Traveled_per_Gallon,Light Duty Vehicles Short Wheelbase,24
2017,2017,Avg._Miles_Traveled_per_Gallon,Motorcycles,44
2017,2017,Avg._Miles_Traveled_per_Gallon,Buses,7
2017,2017,Avg._Miles_Traveled_per_Gallon,Light Duty Vehicles Long Wheelbase,18
2017,2017,Avg._Miles_Traveled_per_Gallon,Single Unit Trucks,7
2017,2017,Avg._Miles_Traveled_per_Gallon,Combination Trucks,6
2017,2017,Avg._Miles_Traveled_per_Gallon,All Light Duty Vehicles,22
2017,2017,Avg._Miles_Traveled_per_Gallon,Single Unit and Combination Trucks,6
2017,2016,Avg._Miles_Traveled_per_Gallon,Light Duty Vehicles Short Wheelbase,24
2017,2016,Avg._Miles_Traveled_per_Gallon,Motorcycles,44
2017,2016,Avg._Miles_Traveled_per_Gallon,Buses,7
2017,2016,Avg._Miles_Traveled_per_Gallon,Light Duty Vehicles Long Wheelbase,17
2017,2016,Avg._Miles_Traveled_per_Gallon,Single Unit Trucks,7
2017,2016,Avg._Miles_Traveled_per_Gallon,Combination Trucks,6
2017,2016,Avg._Miles_Traveled_per_Gallon,All Light Duty Vehicles,22
2017,2016,Avg._Miles_Traveled_per_Gallon,Single Unit and Combination Trucks,6
2016,2016,Interstate_Rural_VMT,Light Duty Vehicles Short Wheelbase,139460354056
2016,2016,Interstate_Rural_VMT,Motorcycles,1094562014
2016,2016,Interstate_Rural_VMT,Buses,1739835581
2016,2016,Interstate_Rural_VMT,Light Duty Vehicles Long Wheelbase,44086048717
2016,2016,Interstate_Rural_VMT,Single Unit Trucks,9905118797
2016,2016,Interstate_Rural_VMT,Combination Trucks,50430354020
2016,2016,Interstate_Rural_VMT,All Light Duty Vehicles,183546402773
2016,2016,Interstate_Rural_VMT,Single Unit and Combination Trucks,60335472817
2016,2015,Interstate_Rural_VMT,Light Duty Vehicles Short Wheelbase,133746659127
2016,2015,Interstate_Rural_VMT,Motorcycles,1185141092
2016,2015,Interstate_Rural_VMT,Buses,1642521863
2016,2015,Interstate_Rural_VMT,Light Duty Vehicles Long Wheelbase,42100332549
2016,2015,Interstate_Rural_VMT,Single Unit Trucks,9622833996
2016,2015,Interstate_Rural_VMT,Combination Trucks,47468128941
2016,2015,Interstate_Rural_VMT,All Light Duty Vehicles,175846991676
2016,2015,Interstate_Rural_VMT,Single Unit and Combination Trucks,57090962937
2016,2016,Other_Arterial_Rural_VMT,Light Duty Vehicles Short Wheelbase,226036375378
2016,2016,Other_Arterial_Rural_VMT,Motorcycles,2632964433
2016,2016,Other_Arterial_Rural_VMT,Buses,2115570765
2016,2016,Other_Arterial_Rural_VMT,Light Duty Vehicles Long Wheelbase,91655101054
2016,2016,Other_Arterial_Rural_VMT,Single Unit Trucks,16370801813
2016,2016,Other_Arterial_Rural_VMT,Combination Trucks,28793692686
2016,2016,Other_Arterial_Rural_VMT,All Light Duty Vehicles,317691476432
2016,2016,Other_Arterial_Rural_VMT,Single Unit and Combination Trucks,45164494499
2016,2015,Other_Arterial_Rural_VMT,Light Duty Vehicles Short Wheelbase,221643125615
2016,2015,Other_Arterial_Rural_VMT,Motorcycles,2709803633
2016,2015,Other_Arterial_Rural_VMT,Buses,1966069045
2016,2015,Other_Arterial_Rural_VMT,Light Duty Vehicles Long Wheelbase,86304472871
2016,2015,Other_Arterial_Rural_VMT,Single Unit Trucks,16170996639
2016,2015,Other_Arterial_Rural_VMT,Combination Trucks,28636173106
2016,2015,Other_Arterial_Rural_VMT,All Light Duty Vehicles,307947598487
2016,2015,Other_Arterial_Rural_VMT,Single Unit and Combination Trucks,44807169745
2016,2016,Other_Rural_VMT,Light Duty Vehicles Short Wheelbase,212456908979
2016,2016,Other_Rural_VMT,Motorcycles,2855863917
2016,2016,Other_Rural_VMT,Buses,1946119040
2016,2016,Other_Rural_VMT,Light Duty Vehicles Long Wheelbase,90026448104
2016,2016,Other_Rural_VMT,Single Unit Trucks,15563168895
2016,2016,Other_Rural_VMT,Combination Trucks,12375413941
2016,2016,Other_Rural_VMT,All Light Duty Vehicles,302483357083
2016,2016,Other_Rural_VMT,Single Unit and Combination Trucks,27938582836
2016,2015,Other_Rural_VMT,Light Duty Vehicles Short Wheelbase,212993001600
2016,2015,Other_Rural_VMT,Motorcycles,2790244530
2016,2015,Other_Rural_VMT,Buses,2002447947
2016,2015,Other_Rural_VMT,Light Duty Vehicles Long Wheelbase,88205520286
2016,2015,Other_Rural_VMT,Single Unit Trucks,16173667248
2016,2015,Other_Rural_VMT,Combination Trucks,13543387580
2016,2015,Other_Rural_VMT,All Light Duty Vehicles,301198521886
2016,2015,Other_Rural_VMT,Single Unit and Combination Trucks,29717054828
2016,2016,All_Rural_VMT,Light Duty Vehicles Short Wheelbase,577953638413
2016,2016,All_Rural_VMT,Motorcycles,6583390364
2016,2016,All_Rural_VMT,Buses,5801525386
2016,2016,All_Rural_VMT,Light Duty Vehicles Long Wheelbase,225767597874
2016,2016,All_Rural_VMT,Single Unit Trucks,41839089504
2016,2016,All_Rural_VMT,Combination Trucks,91599460648
2016,2016,All_Rural_VMT,All Light Duty Vehicles,803721236287
2016,2016,All_Rural_VMT,Single Unit and Combination Trucks,133438550152
2016,2015,All_Rural_VMT,Light Duty Vehicles Short Wheelbase,568382786343
2016,2015,All_Rural_VMT,Motorcycles,6685189255
2016,2015,All_Rural_VMT,Buses,5611038855
2016,2015,All_Rural_VMT,Light Duty Vehicles Long Wheelbase,216610325706
2016,2015,All_Rural_VMT,Single Unit Trucks,41967497883
2016,2015,All_Rural_VMT,Combination Trucks,89647689627
2016,2015,All_Rural_VMT,All Light Duty Vehicles,784993112049
2016,2015,All_Rural_VMT,Single Unit and Combination Trucks,131615187510
2016,2016,Interstate_Urban_VMT,Light Duty Vehicles Short Wheelbase,392837528497
2016,2016,Interstate_Urban_VMT,Motorcycles,2938828950
2016,2016,Interstate_Urban_VMT,Buses,2541776713
2016,2016,Interstate_Urban_VMT,Light Duty Vehicles Long Wheelbase,99523230115
2016,2016,Interstate_Urban_VMT,Single Unit Trucks,18555189110
2016,2016,Interstate_Urban_VMT,Combination Trucks,41991273605
2016,2016,Interstate_Urban_VMT,All Light Duty Vehicles,492360758612
2016,2016,Interstate_Urban_VMT,Single Unit and Combination Trucks,60546462715
2016,2015,Interstate_Urban_VMT,Light Duty Vehicles Short Wheelbase,383244890041
2016,2015,Interstate_Urban_VMT,Motorcycles,2529790826
2016,2015,Interstate_Urban_VMT,Buses,2520617189
2016,2015,Interstate_Urban_VMT,Light Duty Vehicles Long Wheelbase,94123659311
2016,2015,Interstate_Urban_VMT,Single Unit Trucks,17540471368
2016,2015,Interstate_Urban_VMT,Combination Trucks,41226866196
2016,2015,Interstate_Urban_VMT,All Light Duty Vehicles,477368549352
2016,2015,Interstate_Urban_VMT,Single Unit and Combination Trucks,58767337564
2016,2016,Other_Urban_VMT,Light Duty Vehicles Short Wheelbase,1220972971375
2016,2016,Other_Urban_VMT,Motorcycles,10923085633
2016,2016,Other_Urban_VMT,Buses,8006211209
2016,2016,Other_Urban_VMT,Light Duty Vehicles Long Wheelbase,332663253286
2016,2016,Other_Urban_VMT,Single Unit Trucks,52943663019
2016,2016,Other_Urban_VMT,Combination Trucks,40966244022
2016,2016,Other_Urban_VMT,All Light Duty Vehicles,1553636224660
2016,2016,Other_Urban_VMT,Single Unit and Combination Trucks,93909907040
2016,2015,Other_Urban_VMT,Light Duty Vehicles Short Wheelbase,1196212800574
2016,2015,Other_Urban_VMT,Motorcycles,10391334665
2016,2015,Other_Urban_VMT,Buses,8098212090
2016,2015,Other_Urban_VMT,Light Duty Vehicles Long Wheelbase,321118459716
2016,2015,Other_Urban_VMT,Single Unit Trucks,50089349198
2016,2015,Other_Urban_VMT,Combination Trucks,39371722177
2016,2015,Other_Urban_VMT,All Light Duty Vehicles,1517331260290
2016,2015,Other_Urban_VMT,Single Unit and Combination Trucks,89461071375
2016,2016,All_Urban_VMT,Light Duty Vehicles Short Wheelbase,1613810499871
2016,2016,All_Urban_VMT,Motorcycles,13861914583
2016,2016,All_Urban_VMT,Buses,10547987922
2016,2016,All_Urban_VMT,Light Duty Vehicles Long Wheelbase,432186483401
2016,2016,All_Urban_VMT,Single Unit Trucks,71498852128
2016,2016,All_Urban_VMT,Combination Trucks,82957517627
2016,2016,All_Urban_VMT,All Light Duty Vehicles,2045996983272
2016,2016,All_Urban_VMT,Single Unit and Combination Trucks,154456369755
2016,2015,All_Urban_VMT,Light Duty Vehicles Short Wheelbase,1579457690615
2016,2015,All_Urban_VMT,Motorcycles,12921125490
2016,2015,All_Urban_VMT,Buses,10618829280
2016,2015,All_Urban_VMT,Light Duty Vehicles Long Wheelbase,415242119027
2016,2015,All_Urban_VMT,Single Unit Trucks,67629820566
2016,2015,All_Urban_VMT,Combination Trucks,80598588373
2016,2015,All_Urban_VMT,All Light Duty Vehicles,1994699809642
2016,2015,All_Urban_VMT,Single Unit and Combination Trucks,148228408939
2016,2016,Total_VMT,Light Duty Vehicles Short Wheelbase,2191764138284
2016,2016,Total_VMT,Motorcycles,20445304947
2016,2016,Total_VMT,Buses,16349513308
2016,2016,Total_VMT,Light Duty Vehicles Long Wheelbase,657954081275
2016,2016,Total_VMT,Single Unit Trucks,113337941633
2016,2016,Total_VMT,Combination Trucks,174556978274
2016,2016,Total_VMT,All Light Duty Vehicles,2849718219559
2016,2016,Total_VMT,Single Unit and Combination Trucks,287894919907
2016,2015,Total_VMT,Light Duty Vehicles Short Wheelbase,2147840476958
2016,2015,Total_VMT,Motorcycles,19606314746
2016,2015,Total_VMT,Buses,16229868135
2016,2015,Total_VMT,Light Duty Vehicles Long Wheelbase,631852444733
2016,2015,Total_VMT,Single Unit Trucks,109597318450
2016,2015,Total_VMT,Combination Trucks,170246278000
2016,2015,Total_VMT,All Light Duty Vehicles,2779692921691
2016,2015,Total_VMT,Single Unit and Combination Trucks,279843596449
2016,2016,No._Vehicles_Registered,Light Duty Vehicles Short Wheelbase,192774508
2016,2016,No._Vehicles_Registered,Motorcycles,8679380
2016,2016,No._Vehicles_Registered,Buses,976161
2016,2016,No._Vehicles_Registered,Light Duty Vehicles Long Wheelbase,54870473
2016,2016,No._Vehicles_Registered,Single Unit Trucks,8746518
2016,2016,No._Vehicles_Registered,Combination Trucks,2752043
2016,2016,No._Vehicles_Registered,All Light Duty Vehicles,247644981
2016,2016,No._Vehicles_Registered,Single Unit and Combination Trucks,11498561
2016,2015,No._Vehicles_Registered,Light Duty Vehicles Short Wheelbase,189618308
2016,2015,No._Vehicles_Registered,Motorcycles,8600936
2016,2015,No._Vehicles_Registered,Buses,888907
2016,2015,No._Vehicles_Registered,Light Duty Vehicles Long Wheelbase,53298884
2016,2015,No._Vehicles_Registered,Single Unit Trucks,8456302
2016,2015,No._Vehicles_Registered,Combination Trucks,2746882
2016,2015,No._Vehicles_Registered,All Light Duty Vehicles,242917192
2016,2015,No._Vehicles_Registered,Single Unit and Combination Trucks,11203184
2016,2016,Avg._Miles_per_Vehicle,Light Duty Vehicles Short Wheelbase,11370
2016,2016,Avg._Miles_per_Vehicle,Motorcycles,2356
2016,2016,Avg._Miles_per_Vehicle,Buses,16749
2016,2016,Avg._Miles_per_Vehicle,Light Duty Vehicles Long Wheelbase,11991
2016,2016,Avg._Miles_per_Vehicle,Single Unit Trucks,12958
2016,2016,Avg._Miles_per_Vehicle,Combination Trucks,63428
2016,2016,Avg._Miles_per_Vehicle,All Light Duty Vehicles,11507
2016,2016,Avg._Miles_per_Vehicle,Single Unit and Combination Trucks,25037
2016,2015,Avg._Miles_per_Vehicle,Light Duty Vehicles Short Wheelbase,11327
2016,2015,Avg._Miles_per_Vehicle,Motorcycles,2280
2016,2015,Avg._Miles_per_Vehicle,Buses,18258
2016,2015,Avg._Miles_per_Vehicle,Light Duty Vehicles Long Wheelbase,11855
2016,2015,Avg._Miles_per_Vehicle,Single Unit Trucks,12960
2016,2015,Avg._Miles_per_Vehicle,Combination Trucks,61978
2016,2015,Avg._Miles_per_Vehicle,All Light Duty Vehicles,11443
2016,2015,Avg._Miles_per_Vehicle,Single Unit and Combination Trucks,24979
2016,2016,Person-Miles,Light Duty Vehicles Short Wheelbase,3699794438008
2016,2016,Person-Miles,Motorcycles,23725111955
2016,2016,Person-Miles,Buses,346609682132
2016,2016,Person-Miles,Light Duty Vehicles Long Wheelbase,1075233505204
2016,2016,Person-Miles,Single Unit Trucks,113337941633
2016,2016,Person-Miles,Combination Trucks,174556978274
2016,2016,Person-Miles,All Light Duty Vehicles,4775027943212
2016,2016,Person-Miles,Single Unit and Combination Trucks,287894919907
2016,2015,Person-Miles,Light Duty Vehicles Short Wheelbase,3628378881552
2016,2015,Person-Miles,Motorcycles,22751532129
2016,2015,Person-Miles,Buses,344073204464
2016,2015,Person-Miles,Light Duty Vehicles Long Wheelbase,1028773684002
2016,2015,Person-Miles,Single Unit Trucks,109597318450
2016,2015,Person-Miles,Combination Trucks,170246278000
2016,2015,Person-Miles,All Light Duty Vehicles,4657152565554
2016,2015,Person-Miles,Single Unit and Combination Trucks,279843596449
2016,2016,Fuel_Consumed,Light Duty Vehicles Short Wheelbase,91487810256
2016,2016,Fuel_Consumed,Motorcycles,465802240
2016,2016,Fuel_Consumed,Buses,2225795433
2016,2016,Fuel_Consumed,Light Duty Vehicles Long Wheelbase,37818755208
2016,2016,Fuel_Consumed,Single Unit Trucks,15338478728
2016,2016,Fuel_Consumed,Combination Trucks,29554641135
2016,2016,Fuel_Consumed,All Light Duty Vehicles,129306565464
2016,2016,Fuel_Consumed,Single Unit and Combination Trucks,44893119863
2016,2015,Fuel_Consumed,Light Duty Vehicles Short Wheelbase,90031266016
2016,2015,Fuel_Consumed,Motorcycles,447878667
2016,2015,Fuel_Consumed,Buses,2228068041
2016,2015,Fuel_Consumed,Light Duty Vehicles Long Wheelbase,36437330269
2016,2015,Fuel_Consumed,Single Unit Trucks,14850509537
2016,2015,Fuel_Consumed,Combination Trucks,28885913526
2016,2015,Fuel_Consumed,All Light Duty Vehicles,126468596285
2016,2015,Fuel_Consumed,Single Unit and Combination Trucks,43736423063
2016,2016,Avg._Fuel_per_Vehicle,Light Duty Vehicles Short Wheelbase,475
2016,2016,Avg._Fuel_per_Vehicle,Motorcycles,54
2016,2016,Avg._Fuel_per_Vehicle,Buses,2280
2016,2016,Avg._Fuel_per_Vehicle,Light Duty Vehicles Long Wheelbase,689
2016,2016,Avg._Fuel_per_Vehicle,Single Unit Trucks,1754
2016,2016,Avg._Fuel_per_Vehicle,Combination Trucks,10739
2016,2016,Avg._Fuel_per_Vehicle,All Light Duty Vehicles,522
2016,2016,Avg._Fuel_per_Vehicle,Single Unit and Combination Trucks,3904
2016,2015,Avg._Fuel_per_Vehicle,Light Duty Vehicles Short Wheelbase,475
2016,2015,Avg._Fuel_per_Vehicle,Motorcycles,52
2016,2015,Avg._Fuel_per_Vehicle,Buses,2507
2016,2015,Avg._Fuel_per_Vehicle,Light Duty Vehicles Long Wheelbase,684
2016,2015,Avg._Fuel_per_Vehicle,Single Unit Trucks,1756
2016,2015,Avg._Fuel_per_Vehicle,Combination Trucks,10516
2016,2015,Avg._Fuel_per_Vehicle,All Light Duty Vehicles,521
2016,2015,Avg._Fuel_per_Vehicle,Single Unit and Combination Trucks,3904
2016,2016,Avg._Miles_Traveled_per_Gallon,Light Duty Vehicles Short Wheelbase,24
2016,2016,Avg._Miles_Traveled_per_Gallon,Motorcycles,44
2016,2016,Avg._Miles_Traveled_per_Gallon,Buses,7
2016,2016,Avg._Miles_Traveled_per_Gallon,Light Duty Vehicles Long Wheelbase,17
2016,2016,Avg._Miles_Traveled_per_Gallon,Single Unit Trucks,7
2016,2016,Avg._Miles_Traveled_per_Gallon,Combination Trucks,6
2016,2016,Avg._Miles_Traveled_per_Gallon,All Light Duty Vehicles,22
2016,2016,Avg._Miles_Traveled_per_Gallon,Single Unit and Combination Trucks,6
2016,2015,Avg._Miles_Traveled_per_Gallon,Light Duty Vehicles Short Wheelbase,24
2016,2015,Avg._Miles_Traveled_per_Gallon,Motorcycles,44
2016,2015,Avg._Miles_Traveled_per_Gallon,Buses,7
2016,2015,Avg._Miles_Traveled_per_Gallon,Light Duty Vehicles Long Wheelbase,17
2016,2015,Avg._Miles_Traveled_per_Gallon,Single Unit Trucks,7
2016,2015,Avg._Miles_Traveled_per_Gallon,Combination Trucks,6
2016,2015,Avg._Miles_Traveled_per_Gallon,All Light Duty Vehicles,22
2016,2015,Avg._Miles_Traveled_per_Gallon,Single Unit and Combination Trucks,6
2015,2015,Interstate_Rural_VMT,Light Duty Vehicles Short Wheelbase,133746659127
2015,2015,Interstate_Rural_VMT,Motorcycles,1185141092
2015,2015,Interstate_Rural_VMT,Buses,1642521863
2015,2015,Interstate_Rural_VMT,Light Duty Vehicles Long Wheelbase,42100332549
2015,2015,Interstate_Rural_VMT,Single Unit Trucks,9622833996
2015,2015,Interstate_Rural_VMT,Combination Trucks,47468128941
2015,2015,Interstate_Rural_VMT,All Light Duty Vehicles,175846991676
2015,2015,Interstate_Rural_VMT,Single Unit and Combination Trucks,57090962937
2015,2014,Interstate_Rural_VMT,Light Duty Vehicles Short Wheelbase,130679374218
2015,2014,Interstate_Rural_VMT,Motorcycles,1114379434
2015,2014,Interstate_Rural_VMT,Buses,1532825442
2015,2014,Interstate_Rural_VMT,Light Duty Vehicles Long Wheelbase,42019601228
2015,2014,Interstate_Rural_VMT,Single Unit Trucks,9255434343
2015,2014,Interstate_Rural_VMT,Combination Trucks,46770323120
2015,2014,Interstate_Rural_VMT,All Light Duty Vehicles,172698975446
2015,2014,Interstate_Rural_VMT,Single Unit and Combination Trucks,56025757463
2015,2015,Other_Arterial_Rural_VMT,Light Duty Vehicles Short Wheelbase,221643125615
2015,2015,Other_Arterial_Rural_VMT,Motorcycles,2709803633
2015,2015,Other_Arterial_Rural_VMT,Buses,1966069045
2015,2015,Other_Arterial_Rural_VMT,Light Duty Vehicles Long Wheelbase,86304472871
2015,2015,Other_Arterial_Rural_VMT,Single Unit Trucks,16170996639
2015,2015,Other_Arterial_Rural_VMT,Combination Trucks,28636173106
2015,2015,Other_Arterial_Rural_VMT,All Light Duty Vehicles,307947598487
2015,2015,Other_Arterial_Rural_VMT,Single Unit and Combination Trucks,44807169745
2015,2014,Other_Arterial_Rural_VMT,Light Duty Vehicles Short Wheelbase,217798924151
2015,2014,Other_Arterial_Rural_VMT,Motorcycles,2681083267
2015,2014,Other_Arterial_Rural_VMT,Buses,2021691309
2015,2014,Other_Arterial_Rural_VMT,Light Duty Vehicles Long Wheelbase,86992716238
2015,2014,Other_Arterial_Rural_VMT,Single Unit Trucks,16329603983
2015,2014,Other_Arterial_Rural_VMT,Combination Trucks,29295174537
2015,2014,Other_Arterial_Rural_VMT,All Light Duty Vehicles,304791640389
2015,2014,Other_Arterial_Rural_VMT,Single Unit and Combination Trucks,45624778521
2015,2015,Other_Rural_VMT,Light Duty Vehicles Short Wheelbase,212993001600
2015,2015,Other_Rural_VMT,Motorcycles,2790244530
2015,2015,Other_Rural_VMT,Buses,2002447947
2015,2015,Other_Rural_VMT,Light Duty Vehicles Long Wheelbase,88205520286
2015,2015,Other_Rural_VMT,Single Unit Trucks,16173667248
2015,2015,Other_Rural_VMT,Combination Trucks,13543387580
2015,2015,Other_Rural_VMT,All Light Duty Vehicles,301198521886
2015,2015,Other_Rural_VMT,Single Unit and Combination Trucks,29717054828
2015,2014,Other_Rural_VMT,Light Duty Vehicles Short Wheelbase,210090355633
2015,2014,Other_Rural_VMT,Motorcycles,2952902783
2015,2014,Other_Rural_VMT,Buses,1985914718
2015,2014,Other_Rural_VMT,Light Duty Vehicles Long Wheelbase,88936199488
2015,2014,Other_Rural_VMT,Single Unit Trucks,17075624730
2015,2014,Other_Rural_VMT,Combination Trucks,13395486628
2015,2014,Other_Rural_VMT,All Light Duty Vehicles,299026555121
2015,2014,Other_Rural_VMT,Single Unit and Combination Trucks,30471111359
2015,2015,All_Rural_VMT,Light Duty Vehicles Short Wheelbase,568382786343
2015,2015,All_Rural_VMT,Motorcycles,6685189255
2015,2015,All_Rural_VMT,Buses,5611038855
2015,2015,All_Rural_VMT,Light Duty Vehicles Long Wheelbase,216610325706
2015,2015,All_Rural_VMT,Single Unit Trucks,41967497883
2015,2015,All_Rural_VMT,Combination Trucks,89647689627
2015,2015,All_Rural_VMT,All Light Duty Vehicles,784993112049
2015,2015,All_Rural_VMT,Single Unit and Combination Trucks,131615187510
2015,2014,All_Rural_VMT,Light Duty Vehicles Short Wheelbase,558568654002
2015,2014,All_Rural_VMT,Motorcycles,6748365484
2015,2014,All_Rural_VMT,Buses,5540431469
2015,2014,All_Rural_VMT,Light Duty Vehicles Long Wheelbase,217948516954
2015,2014,All_Rural_VMT,Single Unit Trucks,42660663057
2015,2014,All_Rural_VMT,Combination Trucks,89460984285
2015,2014,All_Rural_VMT,All Light Duty Vehicles,776517170956
2015,2014,All_Rural_VMT,Single Unit and Combination Trucks,132121647342
2015,2015,Interstate_Urban_VMT,Light Duty Vehicles Short Wheelbase,383244890041
2015,2015,Interstate_Urban_VMT,Motorcycles,2529790826
2015,2015,Interstate_Urban_VMT,Buses,2520617189
2015,2015,Interstate_Urban_VMT,Light Duty Vehicles Long Wheelbase,94123659311
2015,2015,Interstate_Urban_VMT,Single Unit Trucks,17540471368
2015,2015,Interstate_Urban_VMT,Combination Trucks,41226866196
2015,2015,Interstate_Urban_VMT,All Light Duty Vehicles,477368549352
2015,2015,Interstate_Urban_VMT,Single Unit and Combination Trucks,58767337564
2015,2014,Interstate_Urban_VMT,Light Duty Vehicles Short Wheelbase,364070837725
2015,2014,Interstate_Urban_VMT,Motorcycles,2421703938
2015,2014,Interstate_Urban_VMT,Buses,2373416301
2015,2014,Interstate_Urban_VMT,Light Duty Vehicles Long Wheelbase,93590534011
2015,2014,Interstate_Urban_VMT,Single Unit Trucks,16497803720
2015,2014,Interstate_Urban_VMT,Combination Trucks,40889090133
2015,2014,Interstate_Urban_VMT,All Light Duty Vehicles,457661371736
2015,2014,Interstate_Urban_VMT,Single Unit and Combination Trucks,57386893853
2015,2015,Other_Urban_VMT,Light Duty Vehicles Short Wheelbase,1196212800574
2015,2015,Other_Urban_VMT,Motorcycles,10391334665
2015,2015,Other_Urban_VMT,Buses,8098212090
2015,2015,Other_Urban_VMT,Light Duty Vehicles Long Wheelbase,321118459716
2015,2015,Other_Urban_VMT,Single Unit Trucks,50089349198
2015,2015,Other_Urban_VMT,Combination Trucks,39371722177
2015,2015,Other_Urban_VMT,All Light Duty Vehicles,1517331260290
2015,2015,Other_Urban_VMT,Single Unit and Combination Trucks,89461071375
2015,2014,Other_Urban_VMT,Light Duty Vehicles Short Wheelbase,1149431904996
2015,2014,Other_Urban_VMT,Motorcycles,10799598048
2015,2014,Other_Urban_VMT,Buses,8085056447
2015,2014,Other_Urban_VMT,Light Duty Vehicles Long Wheelbase,326945122943
2015,2014,Other_Urban_VMT,Single Unit Trucks,50142939420
2015,2014,Other_Urban_VMT,Combination Trucks,39480103966
2015,2014,Other_Urban_VMT,All Light Duty Vehicles,1476377027939
2015,2014,Other_Urban_VMT,Single Unit and Combination Trucks,89623043386
2015,2015,All_Urban_VMT,Light Duty Vehicles Short Wheelbase,1579457690615
2015,2015,All_Urban_VMT,Motorcycles,12921125490
2015,2015,All_Urban_VMT,Buses,10618829280
2015,2015,All_Urban_VMT,Light Duty Vehicles Long Wheelbase,415242119027
2015,2015,All_Urban_VMT,Single Unit Trucks,67629820566
2015,2015,All_Urban_VMT,Combination Trucks,80598588373
2015,2015,All_Urban_VMT,All Light Duty Vehicles,1994699809642
2015,2015,All_Urban_VMT,Single Unit and Combination Trucks,148228408939
2015,2014,All_Urban_VMT,Light Duty Vehicles Short Wheelbase,1513502742721
2015,2014,All_Urban_VMT,Motorcycles,13221301986
2015,2014,All_Urban_VMT,Buses,10458472748
2015,2014,All_Urban_VMT,Light Duty Vehicles Long Wheelbase,420535656954
2015,2014,All_Urban_VMT,Single Unit Trucks,66640743140
2015,2014,All_Urban_VMT,Combination Trucks,80369194099
2015,2014,All_Urban_VMT,All Light Duty Vehicles,1934038399675
2015,2014,All_Urban_VMT,Single Unit and Combination Trucks,147009937239
2015,2015,Total_VMT,Light Duty Vehicles Short Wheelbase,2147840476958
2015,2015,Total_VMT,Motorcycles,19606314746
2015,2015,Total_VMT,Buses,16229868135
2015,2015,Total_VMT,Light Duty Vehicles Long Wheelbase,631852444733
2015,2015,Total_VMT,Single Unit Trucks,109597318450
2015,2015,Total_VMT,Combination Trucks,170246278000
2015,2015,Total_VMT,All Light Duty Vehicles,2779692921691
2015,2015,Total_VMT,Single Unit and Combination Trucks,279843596449
2015,2014,Total_VMT,Light Duty Vehicles Short Wheelbase,2072071396723
2015,2014,Total_VMT,Motorcycles,19969667470
2015,2014,Total_VMT,Buses,15998904217
2015,2014,Total_VMT,Light Duty Vehicles Long Wheelbase,638484173908
2015,2014,Total_VMT,Single Unit Trucks,109301406197
2015,2014,Total_VMT,Combination Trucks,169830178385
2015,2014,Total_VMT,All Light Duty Vehicles,2710555570631
2015,2014,Total_VMT,Single Unit and Combination Trucks,279131584582
2015,2015,No._Vehicles_Registered,Light Duty Vehicles Short Wheelbase,189618308
2015,2015,No._Vehicles_Registered,Motorcycles,8600936
2015,2015,No._Vehicles_Registered,Buses,888907
2015,2015,No._Vehicles_Registered,Light Duty Vehicles Long Wheelbase,53298884
2015,2015,No._Vehicles_Registered,Single Unit Trucks,8456302
2015,2015,No._Vehicles_Registered,Combination Trucks,2746882
2015,2015,No._Vehicles_Registered,All Light Duty Vehicles,242917192
2015,2015,No._Vehicles_Registered,Single Unit and Combination Trucks,11203184
2015,2014,No._Vehicles_Registered,Light Duty Vehicles Short Wheelbase,187554928
2015,2014,No._Vehicles_Registered,Motorcycles,8417718
2015,2014,No._Vehicles_Registered,Buses,872027
2015,2014,No._Vehicles_Registered,Light Duty Vehicles Long Wheelbase,52600309
2015,2014,No._Vehicles_Registered,Single Unit Trucks,8328759
2015,2014,No._Vehicles_Registered,Combination Trucks,2577197
2015,2014,No._Vehicles_Registered,All Light Duty Vehicles,240155238
2015,2014,No._Vehicles_Registered,Single Unit and Combination Trucks,10905956
2015,2015,Avg._Miles_per_Vehicle,Light Duty Vehicles Short Wheelbase,11327
2015,2015,Avg._Miles_per_Vehicle,Motorcycles,2280
2015,2015,Avg._Miles_per_Vehicle,Buses,18258
2015,2015,Avg._Miles_per_Vehicle,Light Duty Vehicles Long Wheelbase,11855
2015,2015,Avg._Miles_per_Vehicle,Single Unit Trucks,12960
2015,2015,Avg._Miles_per_Vehicle,Combination Trucks,61978
2015,2015,Avg._Miles_per_Vehicle,All Light Duty Vehicles,11443
2015,2015,Avg._Miles_per_Vehicle,Single Unit and Combination Trucks,24979
2015,2014,Avg._Miles_per_Vehicle,Light Duty Vehicles Short Wheelbase,11048
2015,2014,Avg._Miles_per_Vehicle,Motorcycles,2372
2015,2014,Avg._Miles_per_Vehicle,Buses,18347
2015,2014,Avg._Miles_per_Vehicle,Light Duty Vehicles Long Wheelbase,12138
2015,2014,Avg._Miles_per_Vehicle,Single Unit Trucks,13123
2015,2014,Avg._Miles_per_Vehicle,Combination Trucks,65897
2015,2014,Avg._Miles_per_Vehicle,All Light Duty Vehicles,11287
2015,2014,Avg._Miles_per_Vehicle,Single Unit and Combination Trucks,25594
2015,2015,Person-Miles,Light Duty Vehicles Short Wheelbase,3628378881552
2015,2015,Person-Miles,Motorcycles,22751532129
2015,2015,Person-Miles,Buses,344073204464
2015,2015,Person-Miles,Light Duty Vehicles Long Wheelbase,1028773684002
2015,2015,Person-Miles,Single Unit Trucks,109597318450
2015,2015,Person-Miles,Combination Trucks,170246278000
2015,2015,Person-Miles,All Light Duty Vehicles,4657152565554
2015,2015,Person-Miles,Single Unit and Combination Trucks,279843596449
2015,2014,Person-Miles,Light Duty Vehicles Short Wheelbase,3502000690363
2015,2014,Person-Miles,Motorcycles,23173173385
2015,2014,Person-Miles,Buses,339176769403
2015,2014,Person-Miles,Light Duty Vehicles Long Wheelbase,1037129086197
2015,2014,Person-Miles,Single Unit Trucks,109301406197
2015,2014,Person-Miles,Combination Trucks,169830178385
2015,2014,Person-Miles,All Light Duty Vehicles,4539129776559
2015,2014,Person-Miles,Single Unit and Combination Trucks,279131584582
2015,2015,Fuel_Consumed,Light Duty Vehicles Short Wheelbase,90017583396
2015,2015,Fuel_Consumed,Motorcycles,447878765
2015,2015,Fuel_Consumed,Buses,2228058788
2015,2015,Fuel_Consumed,Light Duty Vehicles Long Wheelbase,36436053958
2015,2015,Fuel_Consumed,Single Unit Trucks,14850153078
2015,2015,Fuel_Consumed,Combination Trucks,28884134015
2015,2015,Fuel_Consumed,All Light Duty Vehicles,126453637354
2015,2015,Fuel_Consumed,Single Unit and Combination Trucks,43734287094
2015,2014,Fuel_Consumed,Light Duty Vehicles Short Wheelbase,89300790381
2015,2014,Fuel_Consumed,Motorcycles,458628280
2015,2014,Fuel_Consumed,Buses,2233218667
2015,2014,Fuel_Consumed,Light Duty Vehicles Long Wheelbase,37342987266
2015,2014,Fuel_Consumed,Single Unit Trucks,14893865294
2015,2014,Fuel_Consumed,Combination Trucks,29117656112
2015,2014,Fuel_Consumed,All Light Duty Vehicles,126643777647
2015,2014,Fuel_Consumed,Single Unit and Combination Trucks,44011521405
2015,2015,Avg._Fuel_per_Vehicle,Light Duty Vehicles Short Wheelbase,475
2015,2015,Avg._Fuel_per_Vehicle,Motorcycles,52
2015,2015,Avg._Fuel_per_Vehicle,Buses,2507
2015,2015,Avg._Fuel_per_Vehicle,Light Duty Vehicles Long Wheelbase,684
2015,2015,Avg._Fuel_per_Vehicle,Single Unit Trucks,1756
2015,2015,Avg._Fuel_per_Vehicle,Combination Trucks,10515
2015,2015,Avg._Fuel_per_Vehicle,All Light Duty Vehicles,521
2015,2015,Avg._Fuel_per_Vehicle,Single Unit and Combination Trucks,3904
2015,2014,Avg._Fuel_per_Vehicle,Light Duty Vehicles Short Wheelbase,476
2015,2014,Avg._Fuel_per_Vehicle,Motorcycles,54
2015,2014,Avg._Fuel_per_Vehicle,Buses,2561
2015,2014,Avg._Fuel_per_Vehicle,Light Duty Vehicles Long Wheelbase,710
2015,2014,Avg._Fuel_per_Vehicle,Single Unit Trucks,1788
2015,2014,Avg._Fuel_per_Vehicle,Combination Trucks,11298
2015,2014,Avg._Fuel_per_Vehicle,All Light Duty Vehicles,527
2015,2014,Avg._Fuel_per_Vehicle,Single Unit and Combination Trucks,4036
2015,2015,Avg._Miles_Traveled_per_Gallon,Light Duty Vehicles Short Wheelbase,24
2015,2015,Avg._Miles_Traveled_per_Gallon,Motorcycles,44
2015,2015,Avg._Miles_Traveled_per_Gallon,Buses,7
2015,2015,Avg._Miles_Traveled_per_Gallon,Light Duty Vehicles Long Wheelbase,17
2015,2015,Avg._Miles_Traveled_per_Gallon,Single Unit Trucks,7
2015,2015,Avg._Miles_Traveled_per_Gallon,Combination Trucks,6
2015,2015,Avg._Miles_Traveled_per_Gallon,All Light Duty Vehicles,22
2015,2015,Avg._Miles_Traveled_per_Gallon,Single Unit and Combination Trucks,6
2015,2014,Avg._Miles_Traveled_per_Gallon,Light Duty Vehicles Short Wheelbase,23
2015,2014,Avg._Miles_Traveled_per_Gallon,Motorcycles,44
2015,2014,Avg._Miles_Traveled_per_Gallon,Buses,7
2015,2014,Avg._Miles_Traveled_per_Gallon,Light Duty Vehicles Long Wheelbase,17
2015,2014,Avg._Miles_Traveled_per_Gallon,Single Unit Trucks,7
2015,2014,Avg._Miles_Traveled_per_Gallon,Combination Trucks,6
2015,2014,Avg._Miles_Traveled_per_Gallon,All Light Duty Vehicles,21
2015,2014,Avg._Miles_Traveled_per_Gallon,Single Unit and Combination Trucks,6
2014,2014,Interstate_Rural_VMT,Light Duty Vehicles Short Wheelbase,130679374218
2014,2014,Interstate_Rural_VMT,Motorcycles,1114379434
2014,2014,Interstate_Rural_VMT,Buses,1532825442
2014,2014,Interstate_Rural_VMT,Light Duty Vehicles Long Wheelbase,42019601228
2014,2014,Interstate_Rural_VMT,Single Unit Trucks,9255434343
2014,2014,Interstate_Rural_VMT,Combination Trucks,46770323120
2014,2014,Interstate_Rural_VMT,All Light Duty Vehicles,172698975446
2014,2014,Interstate_Rural_VMT,Single Unit and Combination Trucks,56025757463
2014,2013,Interstate_Rural_VMT,Light Duty Vehicles Short Wheelbase,132342091566
2014,2013,Interstate_Rural_VMT,Motorcycles,1239933320
2014,2013,Interstate_Rural_VMT,Buses,1513379140
2014,2013,Interstate_Rural_VMT,Light Duty Vehicles Long Wheelbase,41930906782
2014,2013,Interstate_Rural_VMT,Single Unit Trucks,9254524532
2014,2013,Interstate_Rural_VMT,Combination Trucks,48022496764
2014,2013,Interstate_Rural_VMT,All Light Duty Vehicles,174272998348
2014,2013,Interstate_Rural_VMT,Single Unit and Combination Trucks,57277021296
2014,2014,Other_Arterial_Rural_VMT,Light Duty Vehicles Short Wheelbase,217798924151
2014,2014,Other_Arterial_Rural_VMT,Motorcycles,2681083267
2014,2014,Other_Arterial_Rural_VMT,Buses,2021691309
2014,2014,Other_Arterial_Rural_VMT,Light Duty Vehicles Long Wheelbase,86992716238
2014,2014,Other_Arterial_Rural_VMT,Single Unit Trucks,16329603983
2014,2014,Other_Arterial_Rural_VMT,Combination Trucks,29295174537
2014,2014,Other_Arterial_Rural_VMT,All Light Duty Vehicles,304791640389
2014,2014,Other_Arterial_Rural_VMT,Single Unit and Combination Trucks,45624778521
2014,2013,Other_Arterial_Rural_VMT,Light Duty Vehicles Short Wheelbase,222631546897
2014,2013,Other_Arterial_Rural_VMT,Motorcycles,2691765006
2014,2013,Other_Arterial_Rural_VMT,Buses,2079008982
2014,2013,Other_Arterial_Rural_VMT,Light Duty Vehicles Long Wheelbase,85219713425
2014,2013,Other_Arterial_Rural_VMT,Single Unit Trucks,16672763869
2014,2013,Other_Arterial_Rural_VMT,Combination Trucks,29467301720
2014,2013,Other_Arterial_Rural_VMT,All Light Duty Vehicles,307851260322
2014,2013,Other_Arterial_Rural_VMT,Single Unit and Combination Trucks,46140065589
2014,2014,Other_Rural_VMT,Light Duty Vehicles Short Wheelbase,210090355633
2014,2014,Other_Rural_VMT,Motorcycles,2952902783
2014,2014,Other_Rural_VMT,Buses,1985914718
2014,2014,Other_Rural_VMT,Light Duty Vehicles Long Wheelbase,88936199488
2014,2014,Other_Rural_VMT,Single Unit Trucks,17075624730
2014,2014,Other_Rural_VMT,Combination Trucks,13395486628
2014,2014,Other_Rural_VMT,All Light Duty Vehicles,299026555121
2014,2014,Other_Rural_VMT,Single Unit and Combination Trucks,30471111359
2014,2013,Other_Rural_VMT,Light Duty Vehicles Short Wheelbase,222563937375
2014,2013,Other_Rural_VMT,Motorcycles,2959545650
2014,2013,Other_Rural_VMT,Buses,2074848913
2014,2013,Other_Rural_VMT,Light Duty Vehicles Long Wheelbase,90881011554
2014,2013,Other_Rural_VMT,Single Unit Trucks,17216624542
2014,2013,Other_Rural_VMT,Combination Trucks,13150212720
2014,2013,Other_Rural_VMT,All Light Duty Vehicles,313444948929
2014,2013,Other_Rural_VMT,Single Unit and Combination Trucks,30366837262
2014,2014,All_Rural_VMT,Light Duty Vehicles Short Wheelbase,558568654002
2014,2014,All_Rural_VMT,Motorcycles,6748365484
2014,2014,All_Rural_VMT,Buses,5540431469
2014,2014,All_Rural_VMT,Light Duty Vehicles Long Wheelbase,217948516954
2014,2014,All_Rural_VMT,Single Unit Trucks,42660663057
2014,2014,All_Rural_VMT,Combination Trucks,89460984285
2014,2014,All_Rural_VMT,All Light Duty Vehicles,776517170956
2014,2014,All_Rural_VMT,Single Unit and Combination Trucks,132121647342
2014,2013,All_Rural_VMT,Light Duty Vehicles Short Wheelbase,577537575838
2014,2013,All_Rural_VMT,Motorcycles,6891243976
2014,2013,All_Rural_VMT,Buses,5667237035
2014,2013,All_Rural_VMT,Light Duty Vehicles Long Wheelbase,218031631760
2014,2013,All_Rural_VMT,Single Unit Trucks,43143912943
2014,2013,All_Rural_VMT,Combination Trucks,90640011204
2014,2013,All_Rural_VMT,All Light Duty Vehicles,795569207598
2014,2013,All_Rural_VMT,Single Unit and Combination Trucks,133783924147
2014,2014,Interstate_Urban_VMT,Light Duty Vehicles Short Wheelbase,364070837725
2014,2014,Interstate_Urban_VMT,Motorcycles,2421703938
2014,2014,Interstate_Urban_VMT,Buses,2373416301
2014,2014,Interstate_Urban_VMT,Light Duty Vehicles Long Wheelbase,93590534011
2014,2014,Interstate_Urban_VMT,Single Unit Trucks,16497803720
2014,2014,Interstate_Urban_VMT,Combination Trucks,40889090133
2014,2014,Interstate_Urban_VMT,All Light Duty Vehicles,457661371736
2014,2014,Interstate_Urban_VMT,Single Unit and Combination Trucks,57386893853
2014,2013,Interstate_Urban_VMT,Light Duty Vehicles Short Wheelbase,359385769003
2014,2013,Interstate_Urban_VMT,Motorcycles,2549875162
2014,2013,Interstate_Urban_VMT,Buses,2144256729
2014,2013,Interstate_Urban_VMT,Light Duty Vehicles Long Wheelbase,86257445901
2014,2013,Interstate_Urban_VMT,Single Unit Trucks,15509581649
2014,2013,Interstate_Urban_VMT,Combination Trucks,39461788236
2014,2013,Interstate_Urban_VMT,All Light Duty Vehicles,445643214903
2014,2013,Interstate_Urban_VMT,Single Unit and Combination Trucks,54971369885
2014,2014,Other_Urban_VMT,Light Duty Vehicles Short Wheelbase,1149431904996
2014,2014,Other_Urban_VMT,Motorcycles,10799598048
2014,2014,Other_Urban_VMT,Buses,8085056447
2014,2014,Other_Urban_VMT,Light Duty Vehicles Long Wheelbase,326945122943
2014,2014,Other_Urban_VMT,Single Unit Trucks,50142939420
2014,2014,Other_Urban_VMT,Combination Trucks,39480103966
2014,2014,Other_Urban_VMT,All Light Duty Vehicles,1476377027939
2014,2014,Other_Urban_VMT,Single Unit and Combination Trucks,89623043386
2014,2013,Other_Urban_VMT,Light Duty Vehicles Short Wheelbase,1137499719876
2014,2013,Other_Urban_VMT,Motorcycles,10925060581
2014,2013,Other_Urban_VMT,Buses,7355421735
2014,2013,Other_Urban_VMT,Light Duty Vehicles Long Wheelbase,299017738811
2014,2013,Other_Urban_VMT,Single Unit Trucks,47928084313
2014,2013,Other_Urban_VMT,Combination Trucks,38333834702
2014,2013,Other_Urban_VMT,All Light Duty Vehicles,1436517458687
2014,2013,Other_Urban_VMT,Single Unit and Combination Trucks,86261919014
2014,2014,All_Urban_VMT,Light Duty Vehicles Short Wheelbase,1513502742721
2014,2014,All_Urban_VMT,Motorcycles,13221301986
2014,2014,All_Urban_VMT,Buses,10458472748
2014,2014,All_Urban_VMT,Light Duty Vehicles Long Wheelbase,420535656954
2014,2014,All_Urban_VMT,Single Unit Trucks,66640743140
2014,2014,All_Urban_VMT,Combination Trucks,80369194099
2014,2014,All_Urban_VMT,All Light Duty Vehicles,1934038399675
2014,2014,All_Urban_VMT,Single Unit and Combination Trucks,147009937239
2014,2013,All_Urban_VMT,Light Duty Vehicles Short Wheelbase,1496885488879
2014,2013,All_Urban_VMT,Motorcycles,13474935743
2014,2013,All_Urban_VMT,Buses,9499678464
2014,2013,All_Urban_VMT,Light Duty Vehicles Long Wheelbase,385275184712
2014,2013,All_Urban_VMT,Single Unit Trucks,63437665962
2014,2013,All_Urban_VMT,Combination Trucks,77795622938
2014,2013,All_Urban_VMT,All Light Duty Vehicles,1882160673591
2014,2013,All_Urban_VMT,Single Unit and Combination Trucks,141233288899
2014,2014,Total_VMT,Light Duty Vehicles Short Wheelbase,2072071396723
2014,2014,Total_VMT,Motorcycles,19969667470
2014,2014,Total_VMT,Buses,15998904217
2014,2014,Total_VMT,Light Duty Vehicles Long Wheelbase,638484173908
2014,2014,Total_VMT,Single Unit Trucks,109301406197
2014,2014,Total_VMT,Combination Trucks,169830178385
2014,2014,Total_VMT,All Light Duty Vehicles,2710555570631
2014,2014,Total_VMT,Single Unit and Combination Trucks,279131584582
2014,2013,Total_VMT,Light Duty Vehicles Short Wheelbase,2074423064717
2014,2013,Total_VMT,Motorcycles,20366179720
2014,2013,Total_VMT,Buses,15166915500
2014,2013,Total_VMT,Light Duty Vehicles Long Wheelbase,603306816472
2014,2013,Total_VMT,Single Unit Trucks,106581578905
2014,2013,Total_VMT,Combination Trucks,168435634141
2014,2013,Total_VMT,All Light Duty Vehicles,2677729881189
2014,2013,Total_VMT,Single Unit and Combination Trucks,275017213046
2014,2014,No._Vehicles_Registered,Light Duty Vehicles Short Wheelbase,187554928
2014,2014,No._Vehicles_Registered,Motorcycles,8417718
2014,2014,No._Vehicles_Registered,Buses,872027
2014,2014,No._Vehicles_Registered,Light Duty Vehicles Long Wheelbase,52600309
2014,2014,No._Vehicles_Registered,Single Unit Trucks,8328759
2014,2014,No._Vehicles_Registered,Combination Trucks,2577197
2014,2014,No._Vehicles_Registered,All Light Duty Vehicles,240155238
2014,2014,No._Vehicles_Registered,Single Unit and Combination Trucks,10905956
2014,2013,No._Vehicles_Registered,Light Duty Vehicles Short Wheelbase,184497490
2014,2013,No._Vehicles_Registered,Motorcycles,8404687
2014,2013,No._Vehicles_Registered,Buses,864549
2014,2013,No._Vehicles_Registered,Light Duty Vehicles Long Wheelbase,51512740
2014,2013,No._Vehicles_Registered,Single Unit Trucks,8126007
2014,2013,No._Vehicles_Registered,Combination Trucks,2471349
2014,2013,No._Vehicles_Registered,All Light Duty Vehicles,236010230
2014,2013,No._Vehicles_Registered,Single Unit and Combination Trucks,10597356
2014,2014,Avg._Miles_per_Vehicle,Light Duty Vehicles Short Wheelbase,11048
2014,2014,Avg._Miles_per_Vehicle,Motorcycles,2372
2014,2014,Avg._Miles_per_Vehicle,Buses,18347
2014,2014,Avg._Miles_per_Vehicle,Light Duty Vehicles Long Wheelbase,12138
2014,2014,Avg._Miles_per_Vehicle,Single Unit Trucks,13123
2014,2014,Avg._Miles_per_Vehicle,Combination Trucks,65897
2014,2014,Avg._Miles_per_Vehicle,All Light Duty Vehicles,11287
2014,2014,Avg._Miles_per_Vehicle,Single Unit and Combination Trucks,25594
2014,2013,Avg._Miles_per_Vehicle,Light Duty Vehicles Short Wheelbase,11244
2014,2013,Avg._Miles_per_Vehicle,Motorcycles,2423
2014,2013,Avg._Miles_per_Vehicle,Buses,17543
2014,2013,Avg._Miles_per_Vehicle,Light Duty Vehicles Long Wheelbase,11712
2014,2013,Avg._Miles_per_Vehicle,Single Unit Trucks,13116
2014,2013,Avg._Miles_per_Vehicle,Combination Trucks,68155
2014,2013,Avg._Miles_per_Vehicle,All Light Duty Vehicles,11346
2014,2013,Avg._Miles_per_Vehicle,Single Unit and Combination Trucks,25951
2014,2014,Person-Miles,Light Duty Vehicles Short Wheelbase,3502000690363
2014,2014,Person-Miles,Motorcycles,23173173385
2014,2014,Person-Miles,Buses,339176769403
2014,2014,Person-Miles,Light Duty Vehicles Long Wheelbase,1037129086197
2014,2014,Person-Miles,Single Unit Trucks,109301406197
2014,2014,Person-Miles,Combination Trucks,169830178385
2014,2014,Person-Miles,All Light Duty Vehicles,4539129776559
2014,2014,Person-Miles,Single Unit and Combination Trucks,279131584582
2014,2013,Person-Miles,Light Duty Vehicles Short Wheelbase,3507723097311
2014,2013,Person-Miles,Motorcycles,23633293571
2014,2013,Person-Miles,Buses,321538608594
2014,2013,Person-Miles,Light Duty Vehicles Long Wheelbase,977476621074
2014,2013,Person-Miles,Single Unit Trucks,106581578905
2014,2013,Person-Miles,Combination Trucks,168435634141
2014,2013,Person-Miles,All Light Duty Vehicles,4485199718386
2014,2013,Person-Miles,Single Unit and Combination Trucks,275017213046
2014,2014,Fuel_Consumed,Light Duty Vehicles Short Wheelbase,89300790381
2014,2014,Fuel_Consumed,Motorcycles,458628280
2014,2014,Fuel_Consumed,Buses,2233218667
2014,2014,Fuel_Consumed,Light Duty Vehicles Long Wheelbase,37342987266
2014,2014,Fuel_Consumed,Single Unit Trucks,14893865294
2014,2014,Fuel_Consumed,Combination Trucks,29117656112
2014,2014,Fuel_Consumed,All Light Duty Vehicles,126643777647
2014,2014,Fuel_Consumed,Single Unit and Combination Trucks,44011521405
2014,2013,Fuel_Consumed,Light Duty Vehicles Short Wheelbase,88611010795
2014,2013,Fuel_Consumed,Motorcycles,467712743
2014,2013,Fuel_Consumed,Buses,2116623941
2014,2013,Fuel_Consumed,Light Duty Vehicles Long Wheelbase,35158688623
2014,2013,Fuel_Consumed,Single Unit Trucks,14501925786
2014,2013,Fuel_Consumed,Combination Trucks,28794994112
2014,2013,Fuel_Consumed,All Light Duty Vehicles,123769699418
2014,2013,Fuel_Consumed,Single Unit and Combination Trucks,43296919898
2014,2014,Avg._Fuel_per_Vehicle,Light Duty Vehicles Short Wheelbase,476
2014,2014,Avg._Fuel_per_Vehicle,Motorcycles,54
2014,2014,Avg._Fuel_per_Vehicle,Buses,2561
2014,2014,Avg._Fuel_per_Vehicle,Light Duty Vehicles Long Wheelbase,710
2014,2014,Avg._Fuel_per_Vehicle,Single Unit Trucks,1788
2014,2014,Avg._Fuel_per_Vehicle,Combination Trucks,11298
2014,2014,Avg._Fuel_per_Vehicle,All Light Duty Vehicles,527
2014,2014,Avg._Fuel_per_Vehicle,Single Unit and Combination Trucks,4036
2014,2013,Avg._Fuel_per_Vehicle,Light Duty Vehicles Short Wheelbase,480
2014,2013,Avg._Fuel_per_Vehicle,Motorcycles,56
2014,2013,Avg._Fuel_per_Vehicle,Buses,2448
2014,2013,Avg._Fuel_per_Vehicle,Light Duty Vehicles Long Wheelbase,683
2014,2013,Avg._Fuel_per_Vehicle,Single Unit Trucks,1785
2014,2013,Avg._Fuel_per_Vehicle,Combination Trucks,11652
2014,2013,Avg._Fuel_per_Vehicle,All Light Duty Vehicles,524
2014,2013,Avg._Fuel_per_Vehicle,Single Unit and Combination Trucks,4086
2014,2014,Avg._Miles_Traveled_per_Gallon,Light Duty Vehicles Short Wheelbase,23
2014,2014,Avg._Miles_Traveled_per_Gallon,Motorcycles,44
2014,2014,Avg._Miles_Traveled_per_Gallon,Buses,7
2014,2014,Avg._Miles_Traveled_per_Gallon,Light Duty Vehicles Long Wheelbase,17
2014,2014,Avg._Miles_Traveled_per_Gallon,Single Unit Trucks,7
2014,2014,Avg._Miles_Traveled_per_Gallon,Combination Trucks,6
2014,2014,Avg._Miles_Traveled_per_Gallon,All Light Duty Vehicles,21
2014,2014,Avg._Miles_Traveled_per_Gallon,Single Unit and Combination Trucks,6
2014,2013,Avg._Miles_Traveled_per_Gallon,Light Duty Vehicles Short Wheelbase,23
2014,2013,Avg._Miles_Traveled_per_Gallon,Motorcycles,44
2014,2013,Avg._Miles_Traveled_per_Gallon,Buses,7
2014,2013,Avg._Miles_Traveled_per_Gallon,Light Duty Vehicles Long Wheelbase,17
2014,2013,Avg._Miles_Traveled_per_Gallon,Single Unit Trucks,7
2014,2013,Avg._Miles_Traveled_per_Gallon,Combination Trucks,6
2014,2013,Avg._Miles_Traveled_per_Gallon,All Light Duty Vehicles,22
2014,2013,Avg._Miles_Traveled_per_Gallon,Single Unit and Combination Trucks,6
2013,2013,Interstate_Rural_VMT,Light Duty Vehicles Short Wheelbase,132342091566
2013,2013,Interstate_Rural_VMT,Motorcycles,1239933320
2013,2013,Interstate_Rural_VMT,Buses,1513379140
2013,2013,Interstate_Rural_VMT,Light Duty Vehicles Long Wheelbase,41930906782
2013,2013,Interstate_Rural_VMT,Single Unit Trucks,9254524532
2013,2013,Interstate_Rural_VMT,Combination Trucks,48022496764
2013,2013,Interstate_Rural_VMT,All Light Duty Vehicles,174272998348
2013,2013,Interstate_Rural_VMT,Single Unit and Combination Trucks,57277021296
2013,2012,Interstate_Rural_VMT,Light Duty Vehicles Short Wheelbase,141163083032
2013,2012,Interstate_Rural_VMT,Motorcycles,1280815992
2013,2012,Interstate_Rural_VMT,Buses,1672994295
2013,2012,Interstate_Rural_VMT,Light Duty Vehicles Long Wheelbase,43906345905
2013,2012,Interstate_Rural_VMT,Single Unit Trucks,9249408195
2013,2012,Interstate_Rural_VMT,Combination Trucks,48599170588
2013,2012,Interstate_Rural_VMT,All Light Duty Vehicles,185069428937
2013,2012,Interstate_Rural_VMT,Single Unit and Combination Trucks,57848578783
2013,2013,Other_Arterial_Rural_VMT,Light Duty Vehicles Short Wheelbase,222631546897
2013,2013,Other_Arterial_Rural_VMT,Motorcycles,2691765006
2013,2013,Other_Arterial_Rural_VMT,Buses,2079008982
2013,2013,Other_Arterial_Rural_VMT,Light Duty Vehicles Long Wheelbase,85219713425
2013,2013,Other_Arterial_Rural_VMT,Single Unit Trucks,16672763869
2013,2013,Other_Arterial_Rural_VMT,Combination Trucks,29467301720
2013,2013,Other_Arterial_Rural_VMT,All Light Duty Vehicles,307851260322
2013,2013,Other_Arterial_Rural_VMT,Single Unit and Combination Trucks,46140065589
2013,2012,Other_Arterial_Rural_VMT,Light Duty Vehicles Short Wheelbase,231338192243
2013,2012,Other_Arterial_Rural_VMT,Motorcycles,2876989321
2013,2012,Other_Arterial_Rural_VMT,Buses,2029629081
2013,2012,Other_Arterial_Rural_VMT,Light Duty Vehicles Long Wheelbase,88887260379
2013,2012,Other_Arterial_Rural_VMT,Single Unit Trucks,17182172937
2013,2012,Other_Arterial_Rural_VMT,Combination Trucks,29638643464
2013,2012,Other_Arterial_Rural_VMT,All Light Duty Vehicles,320225452623
2013,2012,Other_Arterial_Rural_VMT,Single Unit and Combination Trucks,46820816401
2013,2013,Other_Rural_VMT,Light Duty Vehicles Short Wheelbase,222563937375
2013,2013,Other_Rural_VMT,Motorcycles,2959545650
2013,2013,Other_Rural_VMT,Buses,2074848913
2013,2013,Other_Rural_VMT,Light Duty Vehicles Long Wheelbase,90881011554
2013,2013,Other_Rural_VMT,Single Unit Trucks,17216624542
2013,2013,Other_Rural_VMT,Combination Trucks,13150212720
2013,2013,Other_Rural_VMT,All Light Duty Vehicles,313444948929
2013,2013,Other_Rural_VMT,Single Unit and Combination Trucks,30366837262
2013,2012,Other_Rural_VMT,Light Duty Vehicles Short Wheelbase,227070958131
2013,2012,Other_Rural_VMT,Motorcycles,3359726710
2013,2012,Other_Rural_VMT,Buses,2033379683
2013,2012,Other_Rural_VMT,Light Duty Vehicles Long Wheelbase,94471266545
2013,2012,Other_Rural_VMT,Single Unit Trucks,17979981030
2013,2012,Other_Rural_VMT,Combination Trucks,14337483023
2013,2012,Other_Rural_VMT,All Light Duty Vehicles,321542224676
2013,2012,Other_Rural_VMT,Single Unit and Combination Trucks,32317464053
2013,2013,All_Rural_VMT,Light Duty Vehicles Short Wheelbase,577537575838
2013,2013,All_Rural_VMT,Motorcycles,6891243976
2013,2013,All_Rural_VMT,Buses,5667237035
2013,2013,All_Rural_VMT,Light Duty Vehicles Long Wheelbase,218031631760
2013,2013,All_Rural_VMT,Single Unit Trucks,43143912943
2013,2013,All_Rural_VMT,Combination Trucks,90640011204
2013,2013,All_Rural_VMT,All Light Duty Vehicles,795569207598
2013,2013,All_Rural_VMT,Single Unit and Combination Trucks,133783924147
2013,2012,All_Rural_VMT,Light Duty Vehicles Short Wheelbase,599572233407
2013,2012,All_Rural_VMT,Motorcycles,7517532023
2013,2012,All_Rural_VMT,Buses,5736003058
2013,2012,All_Rural_VMT,Light Duty Vehicles Long Wheelbase,227264872829
2013,2012,All_Rural_VMT,Single Unit Trucks,44411562162
2013,2012,All_Rural_VMT,Combination Trucks,92575297075
2013,2012,All_Rural_VMT,All Light Duty Vehicles,826837106236
2013,2012,All_Rural_VMT,Single Unit and Combination Trucks,136986859237
2013,2013,Interstate_Urban_VMT,Light Duty Vehicles Short Wheelbase,359385769003
2013,2013,Interstate_Urban_VMT,Motorcycles,2549875162
2013,2013,Interstate_Urban_VMT,Buses,2144256729
2013,2013,Interstate_Urban_VMT,Light Duty Vehicles Long Wheelbase,86257445901
2013,2013,Interstate_Urban_VMT,Single Unit Trucks,15509581649
2013,2013,Interstate_Urban_VMT,Combination Trucks,39461788236
2013,2013,Interstate_Urban_VMT,All Light Duty Vehicles,445643214903
2013,2013,Interstate_Urban_VMT,Single Unit and Combination Trucks,54971369885
2013,2012,Interstate_Urban_VMT,Light Duty Vehicles Short Wheelbase,344913110862
2013,2012,Interstate_Urban_VMT,Motorcycles,2811164557
2013,2012,Interstate_Urban_VMT,Buses,2364563301
2013,2012,Interstate_Urban_VMT,Light Duty Vehicles Long Wheelbase,84082585506
2013,2012,Interstate_Urban_VMT,Single Unit Trucks,14536308422
2013,2012,Interstate_Urban_VMT,Combination Trucks,35840755971
2013,2012,Interstate_Urban_VMT,All Light Duty Vehicles,428995696368
2013,2012,Interstate_Urban_VMT,Single Unit and Combination Trucks,50377064393
2013,2013,Other_Urban_VMT,Light Duty Vehicles Short Wheelbase,1137499719876
2013,2013,Other_Urban_VMT,Motorcycles,10925060581
2013,2013,Other_Urban_VMT,Buses,7355421735
2013,2013,Other_Urban_VMT,Light Duty Vehicles Long Wheelbase,299017738811
2013,2013,Other_Urban_VMT,Single Unit Trucks,47928084313
2013,2013,Other_Urban_VMT,Combination Trucks,38333834702
2013,2013,Other_Urban_VMT,All Light Duty Vehicles,1436517458687
2013,2013,Other_Urban_VMT,Single Unit and Combination Trucks,86261919014
2013,2012,Other_Urban_VMT,Light Duty Vehicles Short Wheelbase,1118342423753
2013,2012,Other_Urban_VMT,Motorcycles,11056617599
2013,2012,Other_Urban_VMT,Buses,6680436597
2013,2012,Other_Urban_VMT,Light Duty Vehicles Long Wheelbase,289884440884
2013,2012,Other_Urban_VMT,Single Unit Trucks,46657352014
2013,2012,Other_Urban_VMT,Combination Trucks,35185678059
2013,2012,Other_Urban_VMT,All Light Duty Vehicles,1408226864637
2013,2012,Other_Urban_VMT,Single Unit and Combination Trucks,81843030073
2013,2013,All_Urban_VMT,Light Duty Vehicles Short Wheelbase,1496885488879
2013,2013,All_Urban_VMT,Motorcycles,13474935743
2013,2013,All_Urban_VMT,Buses,9499678464
2013,2013,All_Urban_VMT,Light Duty Vehicles Long Wheelbase,385275184712
2013,2013,All_Urban_VMT,Single Unit Trucks,63437665962
2013,2013,All_Urban_VMT,Combination Trucks,77795622938
2013,2013,All_Urban_VMT,All Light Duty Vehicles,1882160673591
2013,2013,All_Urban_VMT,Single Unit and Combination Trucks,141233288899
2013,2012,All_Urban_VMT,Light Duty Vehicles Short Wheelbase,1463255534615
2013,2012,All_Urban_VMT,Motorcycles,13867782156
2013,2012,All_Urban_VMT,Buses,9044999898
2013,2012,All_Urban_VMT,Light Duty Vehicles Long Wheelbase,373967026390
2013,2012,All_Urban_VMT,Single Unit Trucks,61193660435
2013,2012,All_Urban_VMT,Combination Trucks,71026434030
2013,2012,All_Urban_VMT,All Light Duty Vehicles,1837222561005
2013,2012,All_Urban_VMT,Single Unit and Combination Trucks,132220094465
2013,2013,Total_VMT,Light Duty Vehicles Short Wheelbase,2074423064717
2013,2013,Total_VMT,Motorcycles,20366179720
2013,2013,Total_VMT,Buses,15166915500
2013,2013,Total_VMT,Light Duty Vehicles Long Wheelbase,603306816472
2013,2013,Total_VMT,Single Unit Trucks,106581578905
2013,2013,Total_VMT,Combination Trucks,168435634141
2013,2013,Total_VMT,All Light Duty Vehicles,2677729881189
2013,2013,Total_VMT,Single Unit and Combination Trucks,275017213046
2013,2012,Total_VMT,Light Duty Vehicles Short Wheelbase,2062827768022
2013,2012,Total_VMT,Motorcycles,21385314178
2013,2012,Total_VMT,Buses,14781002956
2013,2012,Total_VMT,Light Duty Vehicles Long Wheelbase,601231899220
2013,2012,Total_VMT,Single Unit Trucks,105605222597
2013,2012,Total_VMT,Combination Trucks,163601731106
2013,2012,Total_VMT,All Light Duty Vehicles,2664059667241
2013,2012,Total_VMT,Single Unit and Combination Trucks,269206953703
2013,2013,No._Vehicles_Registered,Light Duty Vehicles Short Wheelbase,184497490
2013,2013,No._Vehicles_Registered,Motorcycles,8404687
2013,2013,No._Vehicles_Registered,Buses,864549
2013,2013,No._Vehicles_Registered,Light Duty Vehicles Long Wheelbase,51512740
2013,2013,No._Vehicles_Registered,Single Unit Trucks,8126007
2013,2013,No._Vehicles_Registered,Combination Trucks,2471349
2013,2013,No._Vehicles_Registered,All Light Duty Vehicles,236010230
2013,2013,No._Vehicles_Registered,Single Unit and Combination Trucks,10597356
2013,2012,No._Vehicles_Registered,Light Duty Vehicles Short Wheelbase,183171882
2013,2012,No._Vehicles_Registered,Motorcycles,8454939
2013,2012,No._Vehicles_Registered,Buses,764509
2013,2012,No._Vehicles_Registered,Light Duty Vehicles Long Wheelbase,50588676
2013,2012,No._Vehicles_Registered,Single Unit Trucks,8190286
2013,2012,No._Vehicles_Registered,Combination Trucks,2469094
2013,2012,No._Vehicles_Registered,All Light Duty Vehicles,233760558
2013,2012,No._Vehicles_Registered,Single Unit and Combination Trucks,10659380
2013,2013,Avg._Miles_per_Vehicle,Light Duty Vehicles Short Wheelbase,11244
2013,2013,Avg._Miles_per_Vehicle,Motorcycles,2423
2013,2013,Avg._Miles_per_Vehicle,Buses,17543
2013,2013,Avg._Miles_per_Vehicle,Light Duty Vehicles Long Wheelbase,11712
2013,2013,Avg._Miles_per_Vehicle,Single Unit Trucks,13116
2013,2013,Avg._Miles_per_Vehicle,Combination Trucks,68155
2013,2013,Avg._Miles_per_Vehicle,All Light Duty Vehicles,11346
2013,2013,Avg._Miles_per_Vehicle,Single Unit and Combination Trucks,25952
2013,2012,Avg._Miles_per_Vehicle,Light Duty Vehicles Short Wheelbase,11262
2013,2012,Avg._Miles_per_Vehicle,Motorcycles,2529
2013,2012,Avg._Miles_per_Vehicle,Buses,19334
2013,2012,Avg._Miles_per_Vehicle,Light Duty Vehicles Long Wheelbase,11885
2013,2012,Avg._Miles_per_Vehicle,Single Unit Trucks,12894
2013,2012,Avg._Miles_per_Vehicle,Combination Trucks,66260
2013,2012,Avg._Miles_per_Vehicle,All Light Duty Vehicles,11397
2013,2012,Avg._Miles_per_Vehicle,Single Unit and Combination Trucks,25255
2013,2013,Person-Miles,Light Duty Vehicles Short Wheelbase,3507723097311
2013,2013,Person-Miles,Motorcycles,23633293571
2013,2013,Person-Miles,Buses,321538608594
2013,2013,Person-Miles,Light Duty Vehicles Long Wheelbase,977476621074
2013,2013,Person-Miles,Single Unit Trucks,106581578905
2013,2013,Person-Miles,Combination Trucks,168435634141
2013,2013,Person-Miles,All Light Duty Vehicles,4485199718386
2013,2013,Person-Miles,Single Unit and Combination Trucks,275017213046
2013,2012,Person-Miles,Light Duty Vehicles Short Wheelbase,3490438285742
2013,2012,Person-Miles,Motorcycles,24815916144
2013,2012,Person-Miles,Buses,313357262669
2013,2012,Person-Miles,Light Duty Vehicles Long Wheelbase,970669415167
2013,2012,Person-Miles,Single Unit Trucks,105605222597
2013,2012,Person-Miles,Combination Trucks,163601731106
2013,2012,Person-Miles,All Light Duty Vehicles,4461107700909
2013,2012,Person-Miles,Single Unit and Combination Trucks,269206953703
2013,2013,Fuel_Consumed,Light Duty Vehicles Short Wheelbase,88611046051
2013,2013,Fuel_Consumed,Motorcycles,467716142
2013,2013,Fuel_Consumed,Buses,2116656777
2013,2013,Fuel_Consumed,Light Duty Vehicles Long Wheelbase,35158673433
2013,2013,Fuel_Consumed,Single Unit Trucks,14501958351
2013,2013,Fuel_Consumed,Combination Trucks,28794905246
2013,2013,Fuel_Consumed,All Light Duty Vehicles,123769719484
2013,2013,Fuel_Consumed,Single Unit and Combination Trucks,43296863597
2013,2012,Fuel_Consumed,Light Duty Vehicles Short Wheelbase,88600212334
2013,2012,Fuel_Consumed,Motorcycles,491130289
2013,2012,Fuel_Consumed,Buses,2063038393
2013,2012,Fuel_Consumed,Light Duty Vehicles Long Wheelbase,35114343892
2013,2012,Fuel_Consumed,Single Unit Trucks,14376472744
2013,2012,Fuel_Consumed,Combination Trucks,27975331348
2013,2012,Fuel_Consumed,All Light Duty Vehicles,123714556226
2013,2012,Fuel_Consumed,Single Unit and Combination Trucks,42351804092
2013,2013,Avg._Fuel_per_Vehicle,Light Duty Vehicles Short Wheelbase,480
2013,2013,Avg._Fuel_per_Vehicle,Motorcycles,56
2013,2013,Avg._Fuel_per_Vehicle,Buses,2448
2013,2013,Avg._Fuel_per_Vehicle,Light Duty Vehicles Long Wheelbase,683
2013,2013,Avg._Fuel_per_Vehicle,Single Unit Trucks,1785
2013,2013,Avg._Fuel_per_Vehicle,Combination Trucks,11651
2013,2013,Avg._Fuel_per_Vehicle,All Light Duty Vehicles,524
2013,2013,Avg._Fuel_per_Vehicle,Single Unit and Combination Trucks,4086
2013,2012,Avg._Fuel_per_Vehicle,Light Duty Vehicles Short Wheelbase,484
2013,2012,Avg._Fuel_per_Vehicle,Motorcycles,58
2013,2012,Avg._Fuel_per_Vehicle,Buses,2699
2013,2012,Avg._Fuel_per_Vehicle,Light Duty Vehicles Long Wheelbase,694
2013,2012,Avg._Fuel_per_Vehicle,Single Unit Trucks,1755
2013,2012,Avg._Fuel_per_Vehicle,Combination Trucks,11330
2013,2012,Avg._Fuel_per_Vehicle,All Light Duty Vehicles,529
2013,2012,Avg._Fuel_per_Vehicle,Single Unit and Combination Trucks,3973
2013,2013,Avg._Miles_Traveled_per_Gallon,Light Duty Vehicles Short Wheelbase,23
2013,2013,Avg._Miles_Traveled_per_Gallon,Motorcycles,44
2013,2013,Avg._Miles_Traveled_per_Gallon,Buses,7
2013,2013,Avg._Miles_Traveled_per_Gallon,Light Duty Vehicles Long Wheelbase,17
2013,2013,Avg._Miles_Traveled_per_Gallon,Single Unit Trucks,7
2013,2013,Avg._Miles_Traveled_per_Gallon,Combination Trucks,6
2013,2013,Avg._Miles_Traveled_per_Gallon,All Light Duty Vehicles,22
2013,2013,Avg._Miles_Traveled_per_Gallon,Single Unit and Combination Trucks,6
2013,2012,Avg._Miles_Traveled_per_Gallon,Light Duty Vehicles Short Wheelbase,23
2013,2012,Avg._Miles_Traveled_per_Gallon,Motorcycles,44
2013,2012,Avg._Miles_Traveled_per_Gallon,Buses,7
2013,2012,Avg._Miles_Traveled_per_Gallon,Light Duty Vehicles Long Wheelbase,17
2013,2012,Avg._Miles_Traveled_per_Gallon,Single Unit Trucks,7
2013,2012,Avg._Miles_Traveled_per_Gallon,Combination Trucks,6
2013,2012,Avg._Miles_Traveled_per_Gallon,All Light Duty Vehicles,22
2013,2012,Avg._Miles_Traveled_per_Gallon,Single Unit and Combination Trucks,6
2012,2012,Interstate_Rural_VMT,Light Duty Vehicles Short Wheelbase,141163083032
2012,2012,Interstate_Rural_VMT,Motorcycles,1280815992
2012,2012,Interstate_Rural_VMT,Buses,1672994295
2012,2012,Interstate_Rural_VMT,Light Duty Vehicles Long Wheelbase,43906345905
2012,2012,Interstate_Rural_VMT,Single Unit Trucks,9249408195
2012,2012,Interstate_Rural_VMT,Combination Trucks,48599170588
2012,2012,Interstate_Rural_VMT,All Light Duty Vehicles,185069428937
2012,2012,Interstate_Rural_VMT,Single Unit and Combination Trucks,57848578783
2012,2011,Interstate_Rural_VMT,Light Duty Vehicles Short Wheelbase,140602773643
2012,2011,Interstate_Rural_VMT,Motorcycles,1242723560
2012,2011,Interstate_Rural_VMT,Buses,1669916431
2012,2011,Interstate_Rural_VMT,Light Duty Vehicles Long Wheelbase,42960761982
2012,2011,Interstate_Rural_VMT,Single Unit Trucks,9495387489
2012,2011,Interstate_Rural_VMT,Combination Trucks,47615923888
2012,2011,Interstate_Rural_VMT,All Light Duty Vehicles,183563535625
2012,2011,Interstate_Rural_VMT,Single Unit and Combination Trucks,57111311377
2012,2012,Other_Arterial_Rural_VMT,Light Duty Vehicles Short Wheelbase,231338192243
2012,2012,Other_Arterial_Rural_VMT,Motorcycles,2876989321
2012,2012,Other_Arterial_Rural_VMT,Buses,2029629081
2012,2012,Other_Arterial_Rural_VMT,Light Duty Vehicles Long Wheelbase,88887260379
2012,2012,Other_Arterial_Rural_VMT,Single Unit Trucks,17182172937
2012,2012,Other_Arterial_Rural_VMT,Combination Trucks,29638643464
2012,2012,Other_Arterial_Rural_VMT,All Light Duty Vehicles,320225452623
2012,2012,Other_Arterial_Rural_VMT,Single Unit and Combination Trucks,46820816401
2012,2011,Other_Arterial_Rural_VMT,Light Duty Vehicles Short Wheelbase,232433203708
2012,2011,Other_Arterial_Rural_VMT,Motorcycles,2814897231
2012,2011,Other_Arterial_Rural_VMT,Buses,1982204572
2012,2011,Other_Arterial_Rural_VMT,Light Duty Vehicles Long Wheelbase,89666650299
2012,2011,Other_Arterial_Rural_VMT,Single Unit Trucks,16951461361
2012,2011,Other_Arterial_Rural_VMT,Combination Trucks,29327839728
2012,2011,Other_Arterial_Rural_VMT,All Light Duty Vehicles,322099854008
2012,2011,Other_Arterial_Rural_VMT,Single Unit and Combination Trucks,46279301089
2012,2012,Other_Rural_VMT,Light Duty Vehicles Short Wheelbase,227070958131
2012,2012,Other_Rural_VMT,Motorcycles,3359726710
2012,2012,Other_Rural_VMT,Buses,2033379683
2012,2012,Other_Rural_VMT,Light Duty Vehicles Long Wheelbase,94471266545
2012,2012,Other_Rural_VMT,Single Unit Trucks,17979981030
2012,2012,Other_Rural_VMT,Combination Trucks,14337483023
2012,2012,Other_Rural_VMT,All Light Duty Vehicles,321542224676
2012,2012,Other_Rural_VMT,Single Unit and Combination Trucks,32317464053
2012,2011,Other_Rural_VMT,Light Duty Vehicles Short Wheelbase,227026927130
2012,2011,Other_Rural_VMT,Motorcycles,3032634068
2012,2011,Other_Rural_VMT,Buses,2068651074
2012,2011,Other_Rural_VMT,Light Duty Vehicles Long Wheelbase,93913784515
2012,2011,Other_Rural_VMT,Single Unit Trucks,18223810624
2012,2011,Other_Rural_VMT,Combination Trucks,14762232132
2012,2011,Other_Rural_VMT,All Light Duty Vehicles,320940711645
2012,2011,Other_Rural_VMT,Single Unit and Combination Trucks,32986042756
2012,2012,All_Rural_VMT,Light Duty Vehicles Short Wheelbase,599572233407
2012,2012,All_Rural_VMT,Motorcycles,7517532023
2012,2012,All_Rural_VMT,Buses,5736003058
2012,2012,All_Rural_VMT,Light Duty Vehicles Long Wheelbase,227264872829
2012,2012,All_Rural_VMT,Single Unit Trucks,44411562162
2012,2012,All_Rural_VMT,Combination Trucks,92575297075
2012,2012,All_Rural_VMT,All Light Duty Vehicles,826837106236
2012,2012,All_Rural_VMT,Single Unit and Combination Trucks,136986859237
2012,2011,All_Rural_VMT,Light Duty Vehicles Short Wheelbase,600062904481
2012,2011,All_Rural_VMT,Motorcycles,7090254860
2012,2011,All_Rural_VMT,Buses,5720772076
2012,2011,All_Rural_VMT,Light Duty Vehicles Long Wheelbase,226541196797
2012,2011,All_Rural_VMT,Single Unit Trucks,44670659474
2012,2011,All_Rural_VMT,Combination Trucks,91705995748
2012,2011,All_Rural_VMT,All Light Duty Vehicles,826604101278
2012,2011,All_Rural_VMT,Single Unit and Combination Trucks,136376655222
2012,2012,Interstate_Urban_VMT,Light Duty Vehicles Short Wheelbase,344913110862
2012,2012,Interstate_Urban_VMT,Motorcycles,2811164557
2012,2012,Interstate_Urban_VMT,Buses,2364563301
2012,2012,Interstate_Urban_VMT,Light Duty Vehicles Long Wheelbase,84082585506
2012,2012,Interstate_Urban_VMT,Single Unit Trucks,14536308422
2012,2012,Interstate_Urban_VMT,Combination Trucks,35840755971
2012,2012,Interstate_Urban_VMT,All Light Duty Vehicles,428995696368
2012,2012,Interstate_Urban_VMT,Single Unit and Combination Trucks,50377064393
2012,2011,Interstate_Urban_VMT,Light Duty Vehicles Short Wheelbase,341865041992
2012,2011,Interstate_Urban_VMT,Motorcycles,2133925695
2012,2011,Interstate_Urban_VMT,Buses,2112006036
2012,2011,Interstate_Urban_VMT,Light Duty Vehicles Long Wheelbase,82651700591
2012,2011,Interstate_Urban_VMT,Single Unit Trucks,14126245932
2012,2011,Interstate_Urban_VMT,Combination Trucks,33815483567
2012,2011,Interstate_Urban_VMT,All Light Duty Vehicles,424516742583
2012,2011,Interstate_Urban_VMT,Single Unit and Combination Trucks,47941729499
2012,2012,Other_Urban_VMT,Light Duty Vehicles Short Wheelbase,1118342423753
2012,2012,Other_Urban_VMT,Motorcycles,11056617599
2012,2012,Other_Urban_VMT,Buses,6680436597
2012,2012,Other_Urban_VMT,Light Duty Vehicles Long Wheelbase,289884440884
2012,2012,Other_Urban_VMT,Single Unit Trucks,46657352014
2012,2012,Other_Urban_VMT,Combination Trucks,35185678059
2012,2012,Other_Urban_VMT,All Light Duty Vehicles,1408226864637
2012,2012,Other_Urban_VMT,Single Unit and Combination Trucks,81843030073
2012,2011,Other_Urban_VMT,Light Duty Vehicles Short Wheelbase,1104354485167
2012,2011,Other_Urban_VMT,Motorcycles,9318052960
2012,2011,Other_Urban_VMT,Buses,5974567165
2012,2011,Other_Urban_VMT,Light Duty Vehicles Long Wheelbase,294982575945
2012,2011,Other_Urban_VMT,Single Unit Trucks,45006124867
2012,2011,Other_Urban_VMT,Combination Trucks,38269813804
2012,2011,Other_Urban_VMT,All Light Duty Vehicles,1399337061112
2012,2011,Other_Urban_VMT,Single Unit and Combination Trucks,83275938671
2012,2012,All_Urban_VMT,Light Duty Vehicles Short Wheelbase,1463255534615
2012,2012,All_Urban_VMT,Motorcycles,13867782156
2012,2012,All_Urban_VMT,Buses,9044999898
2012,2012,All_Urban_VMT,Light Duty Vehicles Long Wheelbase,373967026390
2012,2012,All_Urban_VMT,Single Unit Trucks,61193660435
2012,2012,All_Urban_VMT,Combination Trucks,71026434030
2012,2012,All_Urban_VMT,All Light Duty Vehicles,1837222561005
2012,2012,All_Urban_VMT,Single Unit and Combination Trucks,132220094465
2012,2011,All_Urban_VMT,Light Duty Vehicles Short Wheelbase,1446219527159
2012,2011,All_Urban_VMT,Motorcycles,11451978655
2012,2011,All_Urban_VMT,Buses,8086573202
2012,2011,All_Urban_VMT,Light Duty Vehicles Long Wheelbase,377634276536
2012,2011,All_Urban_VMT,Single Unit Trucks,59132370799
2012,2011,All_Urban_VMT,Combination Trucks,72085297371
2012,2011,All_Urban_VMT,All Light Duty Vehicles,1823853803695
2012,2011,All_Urban_VMT,Single Unit and Combination Trucks,131217668170
2012,2012,Total_VMT,Light Duty Vehicles Short Wheelbase,2062827768022
2012,2012,Total_VMT,Motorcycles,21385314178
2012,2012,Total_VMT,Buses,14781002956
2012,2012,Total_VMT,Light Duty Vehicles Long Wheelbase,601231899220
2012,2012,Total_VMT,Single Unit Trucks,105605222597
2012,2012,Total_VMT,Combination Trucks,163601731106
2012,2012,Total_VMT,All Light Duty Vehicles,2664059667241
2012,2012,Total_VMT,Single Unit and Combination Trucks,269206953703
2012,2011,Total_VMT,Light Duty Vehicles Short Wheelbase,2046282431640
2012,2011,Total_VMT,Motorcycles,18542233515
2012,2011,Total_VMT,Buses,13807345278
2012,2011,Total_VMT,Light Duty Vehicles Long Wheelbase,604175473333
2012,2011,Total_VMT,Single Unit Trucks,103803030273
2012,2011,Total_VMT,Combination Trucks,163791293119
2012,2011,Total_VMT,All Light Duty Vehicles,2650457904973
2012,2011,Total_VMT,Single Unit and Combination Trucks,267594323392
2012,2012,No._Vehicles_Registered,Light Duty Vehicles Short Wheelbase,183171882
2012,2012,No._Vehicles_Registered,Motorcycles,8454939
2012,2012,No._Vehicles_Registered,Buses,764509
2012,2012,No._Vehicles_Registered,Light Duty Vehicles Long Wheelbase,50588676
2012,2012,No._Vehicles_Registered,Single Unit Trucks,8190286
2012,2012,No._Vehicles_Registered,Combination Trucks,2469094
2012,2012,No._Vehicles_Registered,All Light Duty Vehicles,233760558
2012,2012,No._Vehicles_Registered,Single Unit and Combination Trucks,10659380
2012,2011,No._Vehicles_Registered,Light Duty Vehicles Short Wheelbase,183522635
2012,2011,No._Vehicles_Registered,Motorcycles,8437502
2012,2011,No._Vehicles_Registered,Buses,666064
2012,2011,No._Vehicles_Registered,Light Duty Vehicles Long Wheelbase,50318787
2012,2011,No._Vehicles_Registered,Single Unit Trucks,7819055
2012,2011,No._Vehicles_Registered,Combination Trucks,2451638
2012,2011,No._Vehicles_Registered,All Light Duty Vehicles,233841422
2012,2011,No._Vehicles_Registered,Single Unit and Combination Trucks,10270693
2012,2012,Avg._Miles_per_Vehicle,Light Duty Vehicles Short Wheelbase,11265
2012,2012,Avg._Miles_per_Vehicle,Motorcycles,2519
2012,2012,Avg._Miles_per_Vehicle,Buses,19299
2012,2012,Avg._Miles_per_Vehicle,Light Duty Vehicles Long Wheelbase,11882
2012,2012,Avg._Miles_per_Vehicle,Single Unit Trucks,12815
2012,2012,Avg._Miles_per_Vehicle,Combination Trucks,66161
2012,2012,Avg._Miles_per_Vehicle,All Light Duty Vehicles,11398
2012,2012,Avg._Miles_per_Vehicle,Single Unit and Combination Trucks,25172
2012,2011,Avg._Miles_per_Vehicle,Light Duty Vehicles Short Wheelbase,11150
2012,2011,Avg._Miles_per_Vehicle,Motorcycles,2198
2012,2011,Avg._Miles_per_Vehicle,Buses,20730
2012,2011,Avg._Miles_per_Vehicle,Light Duty Vehicles Long Wheelbase,12007
2012,2011,Avg._Miles_per_Vehicle,Single Unit Trucks,13276
2012,2011,Avg._Miles_per_Vehicle,Combination Trucks,66809
2012,2011,Avg._Miles_per_Vehicle,All Light Duty Vehicles,11334
2012,2011,Avg._Miles_per_Vehicle,Single Unit and Combination Trucks,26054
2012,2012,Person-Miles,Light Duty Vehicles Short Wheelbase,3490438285742
2012,2012,Person-Miles,Motorcycles,24815916144
2012,2012,Person-Miles,Buses,313357262669
2012,2012,Person-Miles,Light Duty Vehicles Long Wheelbase,970669415167
2012,2012,Person-Miles,Single Unit Trucks,105605222597
2012,2012,Person-Miles,Combination Trucks,163601731106
2012,2012,Person-Miles,All Light Duty Vehicles,4461107700909
2012,2012,Person-Miles,Single Unit and Combination Trucks,269206953703
2012,2011,Person-Miles,Light Duty Vehicles Short Wheelbase,3464405229639
2012,2011,Person-Miles,Motorcycles,21516752486
2012,2011,Person-Miles,Buses,292715719890
2012,2011,Person-Miles,Light Duty Vehicles Long Wheelbase,972382447268
2012,2011,Person-Miles,Single Unit Trucks,103803030273
2012,2011,Person-Miles,Combination Trucks,163791293119
2012,2011,Person-Miles,All Light Duty Vehicles,4436787676907
2012,2011,Person-Miles,Single Unit and Combination Trucks,267594323392
2012,2012,Fuel_Consumed,Light Duty Vehicles Short Wheelbase,88541453458
2012,2012,Fuel_Consumed,Motorcycles,489114514
2012,2012,Fuel_Consumed,Buses,2059304894
2012,2012,Fuel_Consumed,Light Duty Vehicles Long Wheelbase,35093223877
2012,2012,Fuel_Consumed,Single Unit Trucks,14286504891
2012,2012,Fuel_Consumed,Combination Trucks,27925585191
2012,2012,Fuel_Consumed,All Light Duty Vehicles,123634677335
2012,2012,Fuel_Consumed,Single Unit and Combination Trucks,42212090081
2012,2011,Fuel_Consumed,Light Duty Vehicles Short Wheelbase,88358664358
2012,2011,Fuel_Consumed,Motorcycles,426377536
2012,2011,Fuel_Consumed,Buses,1936150926
2012,2011,Fuel_Consumed,Light Duty Vehicles Long Wheelbase,35334618042
2012,2011,Fuel_Consumed,Single Unit Trucks,14215430675
2012,2011,Fuel_Consumed,Combination Trucks,28181038987
2012,2011,Fuel_Consumed,All Light Duty Vehicles,123693282400
2012,2011,Fuel_Consumed,Single Unit and Combination Trucks,42396469662
2012,2012,Avg._Fuel_per_Vehicle,Light Duty Vehicles Short Wheelbase,483
2012,2012,Avg._Fuel_per_Vehicle,Motorcycles,58
2012,2012,Avg._Fuel_per_Vehicle,Buses,2694
2012,2012,Avg._Fuel_per_Vehicle,Light Duty Vehicles Long Wheelbase,694
2012,2012,Avg._Fuel_per_Vehicle,Single Unit Trucks,1744
2012,2012,Avg._Fuel_per_Vehicle,Combination Trucks,11310
2012,2012,Avg._Fuel_per_Vehicle,All Light Duty Vehicles,529
2012,2012,Avg._Fuel_per_Vehicle,Single Unit and Combination Trucks,3960
2012,2011,Avg._Fuel_per_Vehicle,Light Duty Vehicles Short Wheelbase,481
2012,2011,Avg._Fuel_per_Vehicle,Motorcycles,51
2012,2011,Avg._Fuel_per_Vehicle,Buses,2907
2012,2011,Avg._Fuel_per_Vehicle,Light Duty Vehicles Long Wheelbase,702
2012,2011,Avg._Fuel_per_Vehicle,Single Unit Trucks,1818
2012,2011,Avg._Fuel_per_Vehicle,Combination Trucks,11495
2012,2011,Avg._Fuel_per_Vehicle,All Light Duty Vehicles,529
2012,2011,Avg._Fuel_per_Vehicle,Single Unit and Combination Trucks,4128
2012,2012,Avg._Miles_Traveled_per_Gallon,Light Duty Vehicles Short Wheelbase,23
2012,2012,Avg._Miles_Traveled_per_Gallon,Motorcycles,44
2012,2012,Avg._Miles_Traveled_per_Gallon,Buses,7
2012,2012,Avg._Miles_Traveled_per_Gallon,Light Duty Vehicles Long Wheelbase,17
2012,2012,Avg._Miles_Traveled_per_Gallon,Single Unit Trucks,7
2012,2012,Avg._Miles_Traveled_per_Gallon,Combination Trucks,6
2012,2012,Avg._Miles_Traveled_per_Gallon,All Light Duty Vehicles,22
2012,2012,Avg._Miles_Traveled_per_Gallon,Single Unit and Combination Trucks,6
2012,2011,Avg._Miles_Traveled_per_Gallon,Light Duty Vehicles Short Wheelbase,23
2012,2011,Avg._Miles_Traveled_per_Gallon,Motorcycles,43
2012,2011,Avg._Miles_Traveled_per_Gallon,Buses,7
2012,2011,Avg._Miles_Traveled_per_Gallon,Light Duty Vehicles Long Wheelbase,17
2012,2011,Avg._Miles_Traveled_per_Gallon,Single Unit Trucks,7
2012,2011,Avg._Miles_Traveled_per_Gallon,Combination Trucks,6
2012,2011,Avg._Miles_Traveled_per_Gallon,All Light Duty Vehicles,21
2012,2011,Avg._Miles_Traveled_per_Gallon,Single Unit and Combination Trucks,6
2011,2011,Interstate_Rural_VMT,Light Duty Vehicles Short Wheelbase,140602773643
2011,2011,Interstate_Rural_VMT,Motorcycles,1242723560
2011,2011,Interstate_Rural_VMT,Buses,1669916431
2011,2011,Interstate_Rural_VMT,Light Duty Vehicles Long Wheelbase,42960761982
2011,2011,Interstate_Rural_VMT,Single Unit Trucks,9495387489
2011,2011,Interstate_Rural_VMT,Combination Trucks,47615923888
2011,2011,Interstate_Rural_VMT,All Light Duty Vehicles,183563535625
2011,2011,Interstate_Rural_VMT,Single Unit and Combination Trucks,57111311377
2011,2010,Interstate_Rural_VMT,Light Duty Vehicles Short Wheelbase,138324343141
2011,2010,Interstate_Rural_VMT,Motorcycles,1524477120
2011,2010,Interstate_Rural_VMT,Buses,1552608475
2011,2010,Interstate_Rural_VMT,Light Duty Vehicles Long Wheelbase,43964726625
2011,2010,Interstate_Rural_VMT,Single Unit Trucks,11217320763
2011,2010,Interstate_Rural_VMT,Combination Trucks,49104012011
2011,2010,Interstate_Rural_VMT,All Light Duty Vehicles,182289069766
2011,2010,Interstate_Rural_VMT,Single Unit and Combination Trucks,60321332773
2011,2011,Other_Arterial_Rural_VMT,Light Duty Vehicles Short Wheelbase,232433203708
2011,2011,Other_Arterial_Rural_VMT,Motorcycles,2814897231
2011,2011,Other_Arterial_Rural_VMT,Buses,1982204572
2011,2011,Other_Arterial_Rural_VMT,Light Duty Vehicles Long Wheelbase,89666650299
2011,2011,Other_Arterial_Rural_VMT,Single Unit Trucks,16951461361
2011,2011,Other_Arterial_Rural_VMT,Combination Trucks,29327839728
2011,2011,Other_Arterial_Rural_VMT,All Light Duty Vehicles,322099854008
2011,2011,Other_Arterial_Rural_VMT,Single Unit and Combination Trucks,46279301089
2011,2010,Other_Arterial_Rural_VMT,Light Duty Vehicles Short Wheelbase,229775201758
2011,2010,Other_Arterial_Rural_VMT,Motorcycles,2889584508
2011,2010,Other_Arterial_Rural_VMT,Buses,2033746717
2011,2010,Other_Arterial_Rural_VMT,Light Duty Vehicles Long Wheelbase,89585123979
2011,2010,Other_Arterial_Rural_VMT,Single Unit Trucks,18933781563
2011,2010,Other_Arterial_Rural_VMT,Combination Trucks,33064375175
2011,2010,Other_Arterial_Rural_VMT,All Light Duty Vehicles,319360325737
2011,2010,Other_Arterial_Rural_VMT,Single Unit and Combination Trucks,51998156739
2011,2011,Other_Rural_VMT,Light Duty Vehicles Short Wheelbase,227026927130
2011,2011,Other_Rural_VMT,Motorcycles,3032634068
2011,2011,Other_Rural_VMT,Buses,2068651074
2011,2011,Other_Rural_VMT,Light Duty Vehicles Long Wheelbase,93913784515
2011,2011,Other_Rural_VMT,Single Unit Trucks,18223810624
2011,2011,Other_Rural_VMT,Combination Trucks,14762232132
2011,2011,Other_Rural_VMT,All Light Duty Vehicles,320940711645
2011,2011,Other_Rural_VMT,Single Unit and Combination Trucks,32986042756
2011,2010,Other_Rural_VMT,Light Duty Vehicles Short Wheelbase,230210123840
2011,2010,Other_Rural_VMT,Motorcycles,2805994018
2011,2010,Other_Rural_VMT,Buses,2048437688
2011,2010,Other_Rural_VMT,Light Duty Vehicles Long Wheelbase,92755293529
2011,2010,Other_Rural_VMT,Single Unit Trucks,18058070737
2011,2010,Other_Rural_VMT,Combination Trucks,16218254393
2011,2010,Other_Rural_VMT,All Light Duty Vehicles,322965417370
2011,2010,Other_Rural_VMT,Single Unit and Combination Trucks,34276325131
2011,2011,All_Rural_VMT,Light Duty Vehicles Short Wheelbase,600062904481
2011,2011,All_Rural_VMT,Motorcycles,7090254860
2011,2011,All_Rural_VMT,Buses,5720772076
2011,2011,All_Rural_VMT,Light Duty Vehicles Long Wheelbase,226541196797
2011,2011,All_Rural_VMT,Single Unit Trucks,44670659474
2011,2011,All_Rural_VMT,Combination Trucks,91705995748
2011,2011,All_Rural_VMT,All Light Duty Vehicles,826604101278
2011,2011,All_Rural_VMT,Single Unit and Combination Trucks,136376655222
2011,2010,All_Rural_VMT,Light Duty Vehicles Short Wheelbase,598309668740
2011,2010,All_Rural_VMT,Motorcycles,7220055645
2011,2010,All_Rural_VMT,Buses,5634792880
2011,2010,All_Rural_VMT,Light Duty Vehicles Long Wheelbase,226305144133
2011,2010,All_Rural_VMT,Single Unit Trucks,48209173063
2011,2010,All_Rural_VMT,Combination Trucks,98386641579
2011,2010,All_Rural_VMT,All Light Duty Vehicles,824614812873
2011,2010,All_Rural_VMT,Single Unit and Combination Trucks,146595814643
2011,2011,Interstate_Urban_VMT,Light Duty Vehicles Short Wheelbase,341865041992
2011,2011,Interstate_Urban_VMT,Motorcycles,2133925695
2011,2011,Interstate_Urban_VMT,Buses,2112006036
2011,2011,Interstate_Urban_VMT,Light Duty Vehicles Long Wheelbase,82651700591
2011,2011,Interstate_Urban_VMT,Single Unit Trucks,14126245932
2011,2011,Interstate_Urban_VMT,Combination Trucks,33815483567
2011,2011,Interstate_Urban_VMT,All Light Duty Vehicles,424516742583
2011,2011,Interstate_Urban_VMT,Single Unit and Combination Trucks,47941729499
2011,2010,Interstate_Urban_VMT,Light Duty Vehicles Short Wheelbase,339569954956
2011,2010,Interstate_Urban_VMT,Motorcycles,2223102032
2011,2010,Interstate_Urban_VMT,Buses,2011347525
2011,2010,Interstate_Urban_VMT,Light Duty Vehicles Long Wheelbase,83722885922
2011,2010,Interstate_Urban_VMT,Single Unit Trucks,14497709984
2011,2010,Interstate_Urban_VMT,Combination Trucks,35806909126
2011,2010,Interstate_Urban_VMT,All Light Duty Vehicles,423292840877
2011,2010,Interstate_Urban_VMT,Single Unit and Combination Trucks,50304619110
2011,2011,Other_Urban_VMT,Light Duty Vehicles Short Wheelbase,1104354485167
2011,2011,Other_Urban_VMT,Motorcycles,9318052960
2011,2011,Other_Urban_VMT,Buses,5974567165
2011,2011,Other_Urban_VMT,Light Duty Vehicles Long Wheelbase,294982575945
2011,2011,Other_Urban_VMT,Single Unit Trucks,45006124867
2011,2011,Other_Urban_VMT,Combination Trucks,38269813804
2011,2011,Other_Urban_VMT,All Light Duty Vehicles,1399337061112
2011,2011,Other_Urban_VMT,Single Unit and Combination Trucks,83275938671
2011,2010,Other_Urban_VMT,Light Duty Vehicles Short Wheelbase,1087864940137
2011,2010,Other_Urban_VMT,Motorcycles,9069744299
2011,2010,Other_Urban_VMT,Buses,6123390018
2011,2010,Other_Urban_VMT,Light Duty Vehicles Long Wheelbase,312683723341
2011,2010,Other_Urban_VMT,Single Unit Trucks,48031362159
2011,2010,Other_Urban_VMT,Combination Trucks,41595421032
2011,2010,Other_Urban_VMT,All Light Duty Vehicles,1400548663479
2011,2010,Other_Urban_VMT,Single Unit and Combination Trucks,89626783191
2011,2011,All_Urban_VMT,Light Duty Vehicles Short Wheelbase,1446219527159
2011,2011,All_Urban_VMT,Motorcycles,11451978655
2011,2011,All_Urban_VMT,Buses,8086573202
2011,2011,All_Urban_VMT,Light Duty Vehicles Long Wheelbase,377634276536
2011,2011,All_Urban_VMT,Single Unit Trucks,59132370799
2011,2011,All_Urban_VMT,Combination Trucks,72085297371
2011,2011,All_Urban_VMT,All Light Duty Vehicles,1823853803695
2011,2011,All_Urban_VMT,Single Unit and Combination Trucks,131217668170
2011,2010,All_Urban_VMT,Light Duty Vehicles Short Wheelbase,1427434895093
2011,2010,All_Urban_VMT,Motorcycles,11292846331
2011,2010,All_Urban_VMT,Buses,8134737543
2011,2010,All_Urban_VMT,Light Duty Vehicles Long Wheelbase,396406609263
2011,2010,All_Urban_VMT,Single Unit Trucks,62529072143
2011,2010,All_Urban_VMT,Combination Trucks,77402330158
2011,2010,All_Urban_VMT,All Light Duty Vehicles,1823841504356
2011,2010,All_Urban_VMT,Single Unit and Combination Trucks,139931402301
2011,2011,Total_VMT,Light Duty Vehicles Short Wheelbase,2046282431640
2011,2011,Total_VMT,Motorcycles,18542233515
2011,2011,Total_VMT,Buses,13807345278
2011,2011,Total_VMT,Light Duty Vehicles Long Wheelbase,604175473333
2011,2011,Total_VMT,Single Unit Trucks,103803030273
2011,2011,Total_VMT,Combination Trucks,163791293119
2011,2011,Total_VMT,All Light Duty Vehicles,2650457904973
2011,2011,Total_VMT,Single Unit and Combination Trucks,267594323392
2011,2010,Total_VMT,Light Duty Vehicles Short Wheelbase,2025744563833
2011,2010,Total_VMT,Motorcycles,18512901976
2011,2010,Total_VMT,Buses,13769530423
2011,2010,Total_VMT,Light Duty Vehicles Long Wheelbase,622711753397
2011,2010,Total_VMT,Single Unit Trucks,110738245206
2011,2010,Total_VMT,Combination Trucks,175788971737
2011,2010,Total_VMT,All Light Duty Vehicles,2648456317230
2011,2010,Total_VMT,Single Unit and Combination Trucks,286527216944
2011,2011,No._Vehicles_Registered,Light Duty Vehicles Short Wheelbase,192513278
2011,2011,No._Vehicles_Registered,Motorcycles,8330210
2011,2011,No._Vehicles_Registered,Buses,666064
2011,2011,No._Vehicles_Registered,Light Duty Vehicles Long Wheelbase,41328144
2011,2011,No._Vehicles_Registered,Single Unit Trucks,7819055
2011,2011,No._Vehicles_Registered,Combination Trucks,2451638
2011,2011,No._Vehicles_Registered,All Light Duty Vehicles,233841422
2011,2011,No._Vehicles_Registered,Single Unit and Combination Trucks,10270693
2011,2010,No._Vehicles_Registered,Light Duty Vehicles Short Wheelbase,190202782
2011,2010,No._Vehicles_Registered,Motorcycles,8009503
2011,2010,No._Vehicles_Registered,Buses,846051
2011,2010,No._Vehicles_Registered,Light Duty Vehicles Long Wheelbase,40241658
2011,2010,No._Vehicles_Registered,Single Unit Trucks,8217189
2011,2010,No._Vehicles_Registered,Combination Trucks,2552865
2011,2010,No._Vehicles_Registered,All Light Duty Vehicles,230444440
2011,2010,No._Vehicles_Registered,Single Unit and Combination Trucks,10770054
2011,2011,Avg._Miles_per_Vehicle,Light Duty Vehicles Short Wheelbase,10614
2011,2011,Avg._Miles_per_Vehicle,Motorcycles,2221
2011,2011,Avg._Miles_per_Vehicle,Buses,20693
2011,2011,Avg._Miles_per_Vehicle,Light Duty Vehicles Long Wheelbase,14596
2011,2011,Avg._Miles_per_Vehicle,Single Unit Trucks,13239
2011,2011,Avg._Miles_per_Vehicle,Combination Trucks,66768
2011,2011,Avg._Miles_per_Vehicle,All Light Duty Vehicles,11318
2011,2011,Avg._Miles_per_Vehicle,Single Unit and Combination Trucks,26016
2011,2010,Avg._Miles_per_Vehicle,Light Duty Vehicles Short Wheelbase,10650
2011,2010,Avg._Miles_per_Vehicle,Motorcycles,2311
2011,2010,Avg._Miles_per_Vehicle,Buses,16275
2011,2010,Avg._Miles_per_Vehicle,Light Duty Vehicles Long Wheelbase,15474
2011,2010,Avg._Miles_per_Vehicle,Single Unit Trucks,13476
2011,2010,Avg._Miles_per_Vehicle,Combination Trucks,68859
2011,2010,Avg._Miles_per_Vehicle,All Light Duty Vehicles,11493
2011,2010,Avg._Miles_per_Vehicle,Single Unit and Combination Trucks,26604
2011,2011,Person-Miles,Light Duty Vehicles Short Wheelbase,3464405229639
2011,2011,Person-Miles,Motorcycles,21516752486
2011,2011,Person-Miles,Buses,292715719890
2011,2011,Person-Miles,Light Duty Vehicles Long Wheelbase,972382447268
2011,2011,Person-Miles,Single Unit Trucks,103803030273
2011,2011,Person-Miles,Combination Trucks,163791293119
2011,2011,Person-Miles,All Light Duty Vehicles,4436787676907
2011,2011,Person-Miles,Single Unit and Combination Trucks,267594323392
2011,2010,Person-Miles,Light Duty Vehicles Short Wheelbase,3429995641086
2011,2010,Person-Miles,Motorcycles,21482715623
2011,2010,Person-Miles,Buses,291914044960
2011,2010,Person-Miles,Light Duty Vehicles Long Wheelbase,1001455727706
2011,2010,Person-Miles,Single Unit Trucks,110738245206
2011,2010,Person-Miles,Combination Trucks,175788971737
2011,2010,Person-Miles,All Light Duty Vehicles,4431451368792
2011,2010,Person-Miles,Single Unit and Combination Trucks,286527216944
2011,2011,Fuel_Consumed,Light Duty Vehicles Short Wheelbase,88536601541
2011,2011,Fuel_Consumed,Motorcycles,425410006
2011,2011,Fuel_Consumed,Buses,1932822720
2011,2011,Fuel_Consumed,Light Duty Vehicles Long Wheelbase,35325790905
2011,2011,Fuel_Consumed,Single Unit Trucks,14183269522
2011,2011,Fuel_Consumed,Combination Trucks,28193355044
2011,2011,Fuel_Consumed,All Light Duty Vehicles,123862392446
2011,2011,Fuel_Consumed,Single Unit and Combination Trucks,42376624565
2011,2010,Fuel_Consumed,Light Duty Vehicles Short Wheelbase,86788517826
2011,2010,Fuel_Consumed,Motorcycles,426731798
2011,2010,Fuel_Consumed,Buses,1921134026
2011,2010,Fuel_Consumed,Light Duty Vehicles Long Wheelbase,36250973903
2011,2010,Fuel_Consumed,Single Unit Trucks,15096529868
2011,2010,Fuel_Consumed,Combination Trucks,29926663579
2011,2010,Fuel_Consumed,All Light Duty Vehicles,123039491729
2011,2010,Fuel_Consumed,Single Unit and Combination Trucks,45023193447
2011,2011,Avg._Fuel_per_Vehicle,Light Duty Vehicles Short Wheelbase,460
2011,2011,Avg._Fuel_per_Vehicle,Motorcycles,51
2011,2011,Avg._Fuel_per_Vehicle,Buses,2902
2011,2011,Avg._Fuel_per_Vehicle,Light Duty Vehicles Long Wheelbase,855
2011,2011,Avg._Fuel_per_Vehicle,Single Unit Trucks,1814
2011,2011,Avg._Fuel_per_Vehicle,Combination Trucks,11500
2011,2011,Avg._Fuel_per_Vehicle,All Light Duty Vehicles,530
2011,2011,Avg._Fuel_per_Vehicle,Single Unit and Combination Trucks,4126
2011,2010,Avg._Fuel_per_Vehicle,Light Duty Vehicles Short Wheelbase,456
2011,2010,Avg._Fuel_per_Vehicle,Motorcycles,53
2011,2010,Avg._Fuel_per_Vehicle,Buses,2271
2011,2010,Avg._Fuel_per_Vehicle,Light Duty Vehicles Long Wheelbase,901
2011,2010,Avg._Fuel_per_Vehicle,Single Unit Trucks,1837
2011,2010,Avg._Fuel_per_Vehicle,Combination Trucks,11723
2011,2010,Avg._Fuel_per_Vehicle,All Light Duty Vehicles,534
2011,2010,Avg._Fuel_per_Vehicle,Single Unit and Combination Trucks,4180
2011,2011,Avg._Miles_Traveled_per_Gallon,Light Duty Vehicles Short Wheelbase,23
2011,2011,Avg._Miles_Traveled_per_Gallon,Motorcycles,43
2011,2011,Avg._Miles_Traveled_per_Gallon,Buses,7
2011,2011,Avg._Miles_Traveled_per_Gallon,Light Duty Vehicles Long Wheelbase,17
2011,2011,Avg._Miles_Traveled_per_Gallon,Single Unit Trucks,7
2011,2011,Avg._Miles_Traveled_per_Gallon,Combination Trucks,6
2011,2011,Avg._Miles_Traveled_per_Gallon,All Light Duty Vehicles,21
2011,2011,Avg._Miles_Traveled_per_Gallon,Single Unit and Combination Trucks,6
2011,2010,Avg._Miles_Traveled_per_Gallon,Light Duty Vehicles Short Wheelbase,23
2011,2010,Avg._Miles_Traveled_per_Gallon,Motorcycles,43
2011,2010,Avg._Miles_Traveled_per_Gallon,Buses,7
2011,2010,Avg._Miles_Traveled_per_Gallon,Light Duty Vehicles Long Wheelbase,17
2011,2010,Avg._Miles_Traveled_per_Gallon,Single Unit Trucks,7
2011,2010,Avg._Miles_Traveled_per_Gallon,Combination Trucks,6
2011,2010,Avg._Miles_Traveled_per_Gallon,All Light Duty Vehicles,22
2011,2010,Avg._Miles_Traveled_per_Gallon,Single Unit and Combination Trucks,6
2010,2010,Interstate_Rural_VMT,Light Duty Vehicles Short Wheelbase,138324343141
2010,2010,Interstate_Rural_VMT,Motorcycles,1524477120
2010,2010,Interstate_Rural_VMT,Buses,1552608475
2010,2010,Interstate_Rural_VMT,Light Duty Vehicles Long Wheelbase,43964726625
2010,2010,Interstate_Rural_VMT,Single Unit Trucks,11217320763
2010,2010,Interstate_Rural_VMT,Combination Trucks,49104012011
2010,2010,Interstate_Rural_VMT,All Light Duty Vehicles,182289069766
2010,2010,Interstate_Rural_VMT,Single Unit and Combination Trucks,60321332773
2010,2009,Interstate_Rural_VMT,Light Duty Vehicles Short Wheelbase,139799039945
2010,2009,Interstate_Rural_VMT,Motorcycles,1481714443
2010,2009,Interstate_Rural_VMT,Buses,1602711292
2010,2009,Interstate_Rural_VMT,Light Duty Vehicles Long Wheelbase,42055103800
2010,2009,Interstate_Rural_VMT,Single Unit Trucks,11013422662
2010,2009,Interstate_Rural_VMT,Combination Trucks,46226486339
2010,2009,Interstate_Rural_VMT,All Light Duty Vehicles,181854143744
2010,2009,Interstate_Rural_VMT,Single Unit and Combination Trucks,57239909001
2010,2010,Other_Arterial_Rural_VMT,Light Duty Vehicles Short Wheelbase,229775201758
2010,2010,Other_Arterial_Rural_VMT,Motorcycles,2889584508
2010,2010,Other_Arterial_Rural_VMT,Buses,2033746717
2010,2010,Other_Arterial_Rural_VMT,Light Duty Vehicles Long Wheelbase,89585123979
2010,2010,Other_Arterial_Rural_VMT,Single Unit Trucks,18933781563
2010,2010,Other_Arterial_Rural_VMT,Combination Trucks,33064375175
2010,2010,Other_Arterial_Rural_VMT,All Light Duty Vehicles,319360325737
2010,2010,Other_Arterial_Rural_VMT,Single Unit and Combination Trucks,51998156739
2010,2009,Other_Arterial_Rural_VMT,Light Duty Vehicles Short Wheelbase,229576447908
2010,2009,Other_Arterial_Rural_VMT,Motorcycles,3298233000
2010,2009,Other_Arterial_Rural_VMT,Buses,2074685000
2010,2009,Other_Arterial_Rural_VMT,Light Duty Vehicles Long Wheelbase,89306473441
2010,2009,Other_Arterial_Rural_VMT,Single Unit Trucks,19386834860
2010,2009,Other_Arterial_Rural_VMT,Combination Trucks,29217428920
2010,2009,Other_Arterial_Rural_VMT,All Light Duty Vehicles,318882921350
2010,2009,Other_Arterial_Rural_VMT,Single Unit and Combination Trucks,48604263780
2010,2010,Other_Rural_VMT,Light Duty Vehicles Short Wheelbase,230210123840
2010,2010,Other_Rural_VMT,Motorcycles,2805994018
2010,2010,Other_Rural_VMT,Buses,2048437688
2010,2010,Other_Rural_VMT,Light Duty Vehicles Long Wheelbase,92755293529
2010,2010,Other_Rural_VMT,Single Unit Trucks,18058070737
2010,2010,Other_Rural_VMT,Combination Trucks,16218254393
2010,2010,Other_Rural_VMT,All Light Duty Vehicles,322965417370
2010,2010,Other_Rural_VMT,Single Unit and Combination Trucks,34276325131
2010,2009,Other_Rural_VMT,Light Duty Vehicles Short Wheelbase,227578890795
2010,2009,Other_Rural_VMT,Motorcycles,3519418082
2010,2009,Other_Rural_VMT,Buses,2539707511
2010,2009,Other_Rural_VMT,Light Duty Vehicles Long Wheelbase,98046918865
2010,2009,Other_Rural_VMT,Single Unit Trucks,19110681459
2010,2009,Other_Rural_VMT,Combination Trucks,16346149918
2010,2009,Other_Rural_VMT,All Light Duty Vehicles,325625809661
2010,2009,Other_Rural_VMT,Single Unit and Combination Trucks,35456831377
2010,2010,All_Rural_VMT,Light Duty Vehicles Short Wheelbase,598309668740
2010,2010,All_Rural_VMT,Motorcycles,7220055645
2010,2010,All_Rural_VMT,Buses,5634792880
2010,2010,All_Rural_VMT,Light Duty Vehicles Long Wheelbase,226305144133
2010,2010,All_Rural_VMT,Single Unit Trucks,48209173063
2010,2010,All_Rural_VMT,Combination Trucks,98386641579
2010,2010,All_Rural_VMT,All Light Duty Vehicles,824614812873
2010,2010,All_Rural_VMT,Single Unit and Combination Trucks,146595814643
2010,2009,All_Rural_VMT,Light Duty Vehicles Short Wheelbase,596954378648
2010,2009,All_Rural_VMT,Motorcycles,8299365525
2010,2009,All_Rural_VMT,Buses,6217103804
2010,2009,All_Rural_VMT,Light Duty Vehicles Long Wheelbase,229408496106
2010,2009,All_Rural_VMT,Single Unit Trucks,49510938981
2010,2009,All_Rural_VMT,Combination Trucks,91790065177
2010,2009,All_Rural_VMT,All Light Duty Vehicles,826362874754
2010,2009,All_Rural_VMT,Single Unit and Combination Trucks,141301004158
2010,2010,Interstate_Urban_VMT,Light Duty Vehicles Short Wheelbase,339569954956
2010,2010,Interstate_Urban_VMT,Motorcycles,2223102032
2010,2010,Interstate_Urban_VMT,Buses,2011347525
2010,2010,Interstate_Urban_VMT,Light Duty Vehicles Long Wheelbase,83722885922
2010,2010,Interstate_Urban_VMT,Single Unit Trucks,14497709984
2010,2010,Interstate_Urban_VMT,Combination Trucks,35806909126
2010,2010,Interstate_Urban_VMT,All Light Duty Vehicles,423292840877
2010,2010,Interstate_Urban_VMT,Single Unit and Combination Trucks,50304619110
2010,2009,Interstate_Urban_VMT,Light Duty Vehicles Short Wheelbase,334717680684
2010,2009,Interstate_Urban_VMT,Motorcycles,2318125830
2010,2009,Interstate_Urban_VMT,Buses,2171001689
2010,2009,Interstate_Urban_VMT,Light Duty Vehicles Long Wheelbase,87097519994
2010,2009,Interstate_Urban_VMT,Single Unit Trucks,15576628011
2010,2009,Interstate_Urban_VMT,Combination Trucks,32917430158
2010,2009,Interstate_Urban_VMT,All Light Duty Vehicles,421815200678
2010,2009,Interstate_Urban_VMT,Single Unit and Combination Trucks,48494058169
2010,2010,Other_Urban_VMT,Light Duty Vehicles Short Wheelbase,1087864940137
2010,2010,Other_Urban_VMT,Motorcycles,9069744299
2010,2010,Other_Urban_VMT,Buses,6123390018
2010,2010,Other_Urban_VMT,Light Duty Vehicles Long Wheelbase,312683723341
2010,2010,Other_Urban_VMT,Single Unit Trucks,48031362159
2010,2010,Other_Urban_VMT,Combination Trucks,41595421032
2010,2010,Other_Urban_VMT,All Light Duty Vehicles,1400548663479
2010,2010,Other_Urban_VMT,Single Unit and Combination Trucks,89626783191
2010,2009,Other_Urban_VMT,Light Duty Vehicles Short Wheelbase,1084042011083
2010,2009,Other_Urban_VMT,Motorcycles,10204550945
2010,2009,Other_Urban_VMT,Buses,5999365738
2010,2009,Other_Urban_VMT,Light Duty Vehicles Long Wheelbase,301027626700
2010,2009,Other_Urban_VMT,Single Unit Trucks,55119189921
2010,2009,Other_Urban_VMT,Combination Trucks,43392039004
2010,2009,Other_Urban_VMT,All Light Duty Vehicles,1385069637783
2010,2009,Other_Urban_VMT,Single Unit and Combination Trucks,98511228925
2010,2010,All_Urban_VMT,Light Duty Vehicles Short Wheelbase,1427434895093
2010,2010,All_Urban_VMT,Motorcycles,11292846331
2010,2010,All_Urban_VMT,Buses,8134737543
2010,2010,All_Urban_VMT,Light Duty Vehicles Long Wheelbase,396406609263
2010,2010,All_Urban_VMT,Single Unit Trucks,62529072143
2010,2010,All_Urban_VMT,Combination Trucks,77402330158
2010,2010,All_Urban_VMT,All Light Duty Vehicles,1823841504356
2010,2010,All_Urban_VMT,Single Unit and Combination Trucks,139931402301
2010,2009,All_Urban_VMT,Light Duty Vehicles Short Wheelbase,1418759691767
2010,2009,All_Urban_VMT,Motorcycles,12522676775
2010,2009,All_Urban_VMT,Buses,8170367427
2010,2009,All_Urban_VMT,Light Duty Vehicles Long Wheelbase,388125146695
2010,2009,All_Urban_VMT,Single Unit Trucks,70695817932
2010,2009,All_Urban_VMT,Combination Trucks,76309469162
2010,2009,All_Urban_VMT,All Light Duty Vehicles,1806884838461
2010,2009,All_Urban_VMT,Single Unit and Combination Trucks,147005287094
2010,2010,Total_VMT,Light Duty Vehicles Short Wheelbase,2025744563833
2010,2010,Total_VMT,Motorcycles,18512901976
2010,2010,Total_VMT,Buses,13769530423
2010,2010,Total_VMT,Light Duty Vehicles Long Wheelbase,622711753397
2010,2010,Total_VMT,Single Unit Trucks,110738245206
2010,2010,Total_VMT,Combination Trucks,175788971737
2010,2010,Total_VMT,All Light Duty Vehicles,2648456317230
2010,2010,Total_VMT,Single Unit and Combination Trucks,286527216944
2010,2009,Total_VMT,Light Duty Vehicles Short Wheelbase,2015714070415
2010,2009,Total_VMT,Motorcycles,20822042300
2010,2009,Total_VMT,Buses,14387471231
2010,2009,Total_VMT,Light Duty Vehicles Long Wheelbase,617533642801
2010,2009,Total_VMT,Single Unit Trucks,120206756913
2010,2009,Total_VMT,Combination Trucks,168099534339
2010,2009,Total_VMT,All Light Duty Vehicles,2633247713216
2010,2009,Total_VMT,Single Unit and Combination Trucks,288306291252
2010,2010,No._Vehicles_Registered,Light Duty Vehicles Short Wheelbase,190202782
2010,2010,No._Vehicles_Registered,Motorcycles,8009503
2010,2010,No._Vehicles_Registered,Buses,846051
2010,2010,No._Vehicles_Registered,Light Duty Vehicles Long Wheelbase,40241658
2010,2010,No._Vehicles_Registered,Single Unit Trucks,8217189
2010,2010,No._Vehicles_Registered,Combination Trucks,2552865
2010,2010,No._Vehicles_Registered,All Light Duty Vehicles,230444440
2010,2010,No._Vehicles_Registered,Single Unit and Combination Trucks,10770054
2010,2009,No._Vehicles_Registered,Light Duty Vehicles Short Wheelbase,193979654
2010,2009,No._Vehicles_Registered,Motorcycles,7929724
2010,2009,No._Vehicles_Registered,Buses,841993
2010,2009,No._Vehicles_Registered,Light Duty Vehicles Long Wheelbase,40488025
2010,2009,No._Vehicles_Registered,Single Unit Trucks,8356097
2010,2009,No._Vehicles_Registered,Combination Trucks,2617118
2010,2009,No._Vehicles_Registered,All Light Duty Vehicles,234467679
2010,2009,No._Vehicles_Registered,Single Unit and Combination Trucks,10973214
2010,2010,Avg._Miles_per_Vehicle,Light Duty Vehicles Short Wheelbase,10650
2010,2010,Avg._Miles_per_Vehicle,Motorcycles,2311
2010,2010,Avg._Miles_per_Vehicle,Buses,16275
2010,2010,Avg._Miles_per_Vehicle,Light Duty Vehicles Long Wheelbase,15474
2010,2010,Avg._Miles_per_Vehicle,Single Unit Trucks,13476
2010,2010,Avg._Miles_per_Vehicle,Combination Trucks,68859
2010,2010,Avg._Miles_per_Vehicle,All Light Duty Vehicles,11493
2010,2010,Avg._Miles_per_Vehicle,Single Unit and Combination Trucks,26604
2010,2009,Avg._Miles_per_Vehicle,Light Duty Vehicles Short Wheelbase,10391
2010,2009,Avg._Miles_per_Vehicle,Motorcycles,2626
2010,2009,Avg._Miles_per_Vehicle,Buses,17087
2010,2009,Avg._Miles_per_Vehicle,Light Duty Vehicles Long Wheelbase,15252
2010,2009,Avg._Miles_per_Vehicle,Single Unit Trucks,14386
2010,2009,Avg._Miles_per_Vehicle,Combination Trucks,64231
2010,2009,Avg._Miles_per_Vehicle,All Light Duty Vehicles,11231
2010,2009,Avg._Miles_per_Vehicle,Single Unit and Combination Trucks,26274
2010,2010,Person-Miles,Light Duty Vehicles Short Wheelbase,3429995641086
2010,2010,Person-Miles,Motorcycles,21482715623
2010,2010,Person-Miles,Buses,291914044960
2010,2010,Person-Miles,Light Duty Vehicles Long Wheelbase,1001455727706
2010,2010,Person-Miles,Single Unit Trucks,110738245206
2010,2010,Person-Miles,Combination Trucks,175788971737
2010,2010,Person-Miles,All Light Duty Vehicles,4431451368792
2010,2010,Person-Miles,Single Unit and Combination Trucks,286527216944
2010,2009,Person-Miles,Light Duty Vehicles Short Wheelbase,3413874695168
2010,2009,Person-Miles,Motorcycles,24162284984
2010,2009,Person-Miles,Buses,305014390095
2010,2009,Person-Miles,Light Duty Vehicles Long Wheelbase,991383338484
2010,2009,Person-Miles,Single Unit Trucks,120206756913
2010,2009,Person-Miles,Combination Trucks,168099534339
2010,2009,Person-Miles,All Light Duty Vehicles,4405258033652
2010,2009,Person-Miles,Single Unit and Combination Trucks,288306291252
2010,2010,Fuel_Consumed,Light Duty Vehicles Short Wheelbase,86788517826
2010,2010,Fuel_Consumed,Motorcycles,426731798
2010,2010,Fuel_Consumed,Buses,1921134026
2010,2010,Fuel_Consumed,Light Duty Vehicles Long Wheelbase,36250973903
2010,2010,Fuel_Consumed,Single Unit Trucks,15096529868
2010,2010,Fuel_Consumed,Combination Trucks,29926663579
2010,2010,Fuel_Consumed,All Light Duty Vehicles,123039491729
2010,2010,Fuel_Consumed,Single Unit and Combination Trucks,45023193447
2010,2009,Fuel_Consumed,Light Duty Vehicles Short Wheelbase,85657543102
2010,2009,Fuel_Consumed,Motorcycles,482289744
2010,2009,Fuel_Consumed,Buses,1987069357
2010,2009,Fuel_Consumed,Light Duty Vehicles Long Wheelbase,35710537753
2010,2009,Fuel_Consumed,Single Unit Trucks,16252604103
2010,2009,Fuel_Consumed,Combination Trucks,28049987288
2010,2009,Fuel_Consumed,All Light Duty Vehicles,121368080855
2010,2009,Fuel_Consumed,Single Unit and Combination Trucks,44302591392
2010,2010,Avg._Fuel_per_Vehicle,Light Duty Vehicles Short Wheelbase,456
2010,2010,Avg._Fuel_per_Vehicle,Motorcycles,53
2010,2010,Avg._Fuel_per_Vehicle,Buses,2271
2010,2010,Avg._Fuel_per_Vehicle,Light Duty Vehicles Long Wheelbase,901
2010,2010,Avg._Fuel_per_Vehicle,Single Unit Trucks,1837
2010,2010,Avg._Fuel_per_Vehicle,Combination Trucks,11723
2010,2010,Avg._Fuel_per_Vehicle,All Light Duty Vehicles,534
2010,2010,Avg._Fuel_per_Vehicle,Single Unit and Combination Trucks,4180
2010,2009,Avg._Fuel_per_Vehicle,Light Duty Vehicles Short Wheelbase,442
2010,2009,Avg._Fuel_per_Vehicle,Motorcycles,43
2010,2009,Avg._Fuel_per_Vehicle,Buses,2360
2010,2009,Avg._Fuel_per_Vehicle,Light Duty Vehicles Long Wheelbase,882
2010,2009,Avg._Fuel_per_Vehicle,Single Unit Trucks,1945
2010,2009,Avg._Fuel_per_Vehicle,Combination Trucks,10718
2010,2009,Avg._Fuel_per_Vehicle,All Light Duty Vehicles,518
2010,2009,Avg._Fuel_per_Vehicle,Single Unit and Combination Trucks,4037
2010,2010,Avg._Miles_Traveled_per_Gallon,Light Duty Vehicles Short Wheelbase,23
2010,2010,Avg._Miles_Traveled_per_Gallon,Motorcycles,43
2010,2010,Avg._Miles_Traveled_per_Gallon,Buses,7
2010,2010,Avg._Miles_Traveled_per_Gallon,Light Duty Vehicles Long Wheelbase,17
2010,2010,Avg._Miles_Traveled_per_Gallon,Single Unit Trucks,7
2010,2010,Avg._Miles_Traveled_per_Gallon,Combination Trucks,6
2010,2010,Avg._Miles_Traveled_per_Gallon,All Light Duty Vehicles,22
2010,2010,Avg._Miles_Traveled_per_Gallon,Single Unit and Combination Trucks,6
2010,2009,Avg._Miles_Traveled_per_Gallon,Light Duty Vehicles Short Wheelbase,24
2010,2009,Avg._Miles_Traveled_per_Gallon,Motorcycles,43
2010,2009,Avg._Miles_Traveled_per_Gallon,Buses,7
2010,2009,Avg._Miles_Traveled_per_Gallon,Light Duty Vehicles Long Wheelbase,17
2010,2009,Avg._Miles_Traveled_per_Gallon,Single Unit Trucks,7
2010,2009,Avg._Miles_Traveled_per_Gallon,Combination Trucks,6
2010,2009,Avg._Miles_Traveled_per_Gallon,All Light Duty Vehicles,22
2010,2009,Avg._Miles_Traveled_per_Gallon,Single Unit and Combination Trucks,7
2009,2009,Interstate_Rural_VMT,Light Duty Vehicles Short Wheelbase,139620881060
2009,2009,Interstate_Rural_VMT,Motorcycles,1479899788
2009,2009,Interstate_Rural_VMT,Buses,1601496986
2009,2009,Interstate_Rural_VMT,Light Duty Vehicles Long Wheelbase,42001583520
2009,2009,Interstate_Rural_VMT,Single Unit Trucks,10990970421
2009,2009,Interstate_Rural_VMT,Combination Trucks,46177783766
2009,2009,Interstate_Rural_VMT,All Light Duty Vehicles,181622464581
2009,2009,Interstate_Rural_VMT,Single Unit and Combination Trucks,57168754187
2009,2009,Other_Arterial_Rural_VMT,Light Duty Vehicles Short Wheelbase,229366883853
2009,2009,Other_Arterial_Rural_VMT,Motorcycles,3295106556
2009,2009,Other_Arterial_Rural_VMT,Buses,2063256215
2009,2009,Other_Arterial_Rural_VMT,Light Duty Vehicles Long Wheelbase,89193660105
2009,2009,Other_Arterial_Rural_VMT,Single Unit Trucks,19364141839
2009,2009,Other_Arterial_Rural_VMT,Combination Trucks,29184747221
2009,2009,Other_Arterial_Rural_VMT,All Light Duty Vehicles,318560543957
2009,2009,Other_Arterial_Rural_VMT,Single Unit and Combination Trucks,48548889060
2009,2009,Other_Rural_VMT,Light Duty Vehicles Short Wheelbase,226497655245
2009,2009,Other_Rural_VMT,Motorcycles,3501872305
2009,2009,Other_Rural_VMT,Buses,2505717798
2009,2009,Other_Rural_VMT,Light Duty Vehicles Long Wheelbase,97886833834
2009,2009,Other_Rural_VMT,Single Unit Trucks,19172783537
2009,2009,Other_Rural_VMT,Combination Trucks,16321622117
2009,2009,Other_Rural_VMT,All Light Duty Vehicles,324384489080
2009,2009,Other_Rural_VMT,Single Unit and Combination Trucks,35494405654
2009,2009,All_Rural_VMT,Light Duty Vehicles Short Wheelbase,595485420158
2009,2009,All_Rural_VMT,Motorcycles,8276878649
2009,2009,All_Rural_VMT,Buses,6170470999
2009,2009,All_Rural_VMT,Light Duty Vehicles Long Wheelbase,229082077459
2009,2009,All_Rural_VMT,Single Unit Trucks,49527895798
2009,2009,All_Rural_VMT,Combination Trucks,91684153104
2009,2009,All_Rural_VMT,All Light Duty Vehicles,824567497618
2009,2009,All_Rural_VMT,Single Unit and Combination Trucks,141212048902
2009,2009,Interstate_Urban_VMT,Light Duty Vehicles Short Wheelbase,334765434757
2009,2009,Interstate_Urban_VMT,Motorcycles,2322525613
2009,2009,Interstate_Urban_VMT,Buses,2170430330
2009,2009,Interstate_Urban_VMT,Light Duty Vehicles Long Wheelbase,87115651579
2009,2009,Interstate_Urban_VMT,Single Unit Trucks,15649056762
2009,2009,Interstate_Urban_VMT,Combination Trucks,32940104706
2009,2009,Interstate_Urban_VMT,All Light Duty Vehicles,421881086336
2009,2009,Interstate_Urban_VMT,Single Unit and Combination Trucks,48589161468
2009,2009,Other_Urban_VMT,Light Duty Vehicles Short Wheelbase,1083184901321
2009,2009,Other_Urban_VMT,Motorcycles,10200804524
2009,2009,Other_Urban_VMT,Buses,6016935952
2009,2009,Other_Urban_VMT,Light Duty Vehicles Long Wheelbase,300705010122
2009,2009,Other_Urban_VMT,Single Unit Trucks,54985768033
2009,2009,Other_Urban_VMT,Combination Trucks,43217745276
2009,2009,Other_Urban_VMT,All Light Duty Vehicles,1383889911443
2009,2009,Other_Urban_VMT,Single Unit and Combination Trucks,98203513310
2009,2009,All_Urban_VMT,Light Duty Vehicles Short Wheelbase,1417950336078
2009,2009,All_Urban_VMT,Motorcycles,12523330136
2009,2009,All_Urban_VMT,Buses,8187366282
2009,2009,All_Urban_VMT,Light Duty Vehicles Long Wheelbase,387820661701
2009,2009,All_Urban_VMT,Single Unit Trucks,70634824795
2009,2009,All_Urban_VMT,Combination Trucks,76157849982
2009,2009,All_Urban_VMT,All Light Duty Vehicles,1805770997779
2009,2009,All_Urban_VMT,Single Unit and Combination Trucks,146792674777
2009,2009,Total_VMT,Light Duty Vehicles Short Wheelbase,2013435756236
2009,2009,Total_VMT,Motorcycles,20800208785
2009,2009,Total_VMT,Buses,14357837281
2009,2009,Total_VMT,Light Duty Vehicles Long Wheelbase,616902739161
2009,2009,Total_VMT,Single Unit Trucks,120162720593
2009,2009,Total_VMT,Combination Trucks,167842003086
2009,2009,Total_VMT,All Light Duty Vehicles,2630338495397
2009,2009,Total_VMT,Single Unit and Combination Trucks,288004723679
2009,2009,No._Vehicles_Registered,Light Duty Vehicles Short Wheelbase,193979654
2009,2009,No._Vehicles_Registered,Motorcycles,7929724
2009,2009,No._Vehicles_Registered,Buses,841993
2009,2009,No._Vehicles_Registered,Light Duty Vehicles Long Wheelbase,40488025
2009,2009,No._Vehicles_Registered,Single Unit Trucks,8356097
2009,2009,No._Vehicles_Registered,Combination Trucks,2617118
2009,2009,No._Vehicles_Registered,All Light Duty Vehicles,234467679
2009,2009,No._Vehicles_Registered,Single Unit and Combination Trucks,10973214
2009,2009,Avg._Miles_per_Vehicle,Light Duty Vehicles Short Wheelbase,10380
2009,2009,Avg._Miles_per_Vehicle,Motorcycles,2623
2009,2009,Avg._Miles_per_Vehicle,Buses,17052
2009,2009,Avg._Miles_per_Vehicle,Light Duty Vehicles Long Wheelbase,15237
2009,2009,Avg._Miles_per_Vehicle,Single Unit Trucks,14380
2009,2009,Avg._Miles_per_Vehicle,Combination Trucks,64132
2009,2009,Avg._Miles_per_Vehicle,All Light Duty Vehicles,11218
2009,2009,Avg._Miles_per_Vehicle,Single Unit and Combination Trucks,26246
2009,2009,Person-Miles,Light Duty Vehicles Short Wheelbase,2797437925226
2009,2009,Person-Miles,Motorcycles,22404258696
2009,2009,Person-Miles,Buses,304386150356
2009,2009,Person-Miles,Light Duty Vehicles Long Wheelbase,824151312482
2009,2009,Person-Miles,Single Unit Trucks,120162720593
2009,2009,Person-Miles,Combination Trucks,167842003086
2009,2009,Person-Miles,All Light Duty Vehicles,3621589237708
2009,2009,Person-Miles,Single Unit and Combination Trucks,288004723679
2009,2009,Fuel_Consumed,Light Duty Vehicles Short Wheelbase,85560236341
2009,2009,Fuel_Consumed,Motorcycles,474909417
2009,2009,Fuel_Consumed,Buses,1868791992
2009,2009,Fuel_Consumed,Light Duty Vehicles Long Wheelbase,35763797495
2009,2009,Fuel_Consumed,Single Unit Trucks,16342207853
2009,2009,Fuel_Consumed,Combination Trucks,28130088250
2009,2009,Fuel_Consumed,All Light Duty Vehicles,121324033836
2009,2009,Fuel_Consumed,Single Unit and Combination Trucks,44472296103
2009,2009,Avg._Fuel_per_Vehicle,Light Duty Vehicles Short Wheelbase,441
2009,2009,Avg._Fuel_per_Vehicle,Motorcycles,60
2009,2009,Avg._Fuel_per_Vehicle,Buses,2219
2009,2009,Avg._Fuel_per_Vehicle,Light Duty Vehicles Long Wheelbase,883
2009,2009,Avg._Fuel_per_Vehicle,Single Unit Trucks,1956
2009,2009,Avg._Fuel_per_Vehicle,Combination Trucks,10748
2009,2009,Avg._Fuel_per_Vehicle,All Light Duty Vehicles,517
2009,2009,Avg._Fuel_per_Vehicle,Single Unit and Combination Trucks,4053
2009,2009,Avg._Miles_Traveled_per_Gallon,Light Duty Vehicles Short Wheelbase,24
2009,2009,Avg._Miles_Traveled_per_Gallon,Motorcycles,43
2009,2009,Avg._Miles_Traveled_per_Gallon,Buses,7
2009,2009,Avg._Miles_Traveled_per_Gallon,Light Duty Vehicles Long Wheelbase,17
2009,2009,Avg._Miles_Traveled_per_Gallon,Single Unit Trucks,7
2009,2009,Avg._Miles_Traveled_per_Gallon,Combination Trucks,6
2009,2009,Avg._Miles_Traveled_per_Gallon,All Light Duty Vehicles,22
2009,2009,Avg._Miles_Traveled_per_Gallon,Single Unit and Combination Trucks,6
2008,2008,Interstate_Rural_VMT,Light Duty Vehicles Short Wheelbase,135091223080
2008,2008,Interstate_Rural_VMT,Motorcycles,1651949536
2008,2008,Interstate_Rural_VMT,Buses,2057490162
2008,2008,Interstate_Rural_VMT,Light Duty Vehicles Long Wheelbase,42477199045
2008,2008,Interstate_Rural_VMT,Single Unit Trucks,11969840476
2008,2008,Interstate_Rural_VMT,Combination Trucks,49973297702
2008,2008,Interstate_Rural_VMT,All Light Duty Vehicles,177568422125
2008,2008,Interstate_Rural_VMT,Single Unit and Combination Trucks,61943138178
2008,2008,Other_Arterial_Rural_VMT,Light Duty Vehicles Short Wheelbase,227930044482
2008,2008,Other_Arterial_Rural_VMT,Motorcycles,3285526644
2008,2008,Other_Arterial_Rural_VMT,Buses,2141097410
2008,2008,Other_Arterial_Rural_VMT,Light Duty Vehicles Long Wheelbase,88931336904
2008,2008,Other_Arterial_Rural_VMT,Single Unit Trucks,20175890494
2008,2008,Other_Arterial_Rural_VMT,Combination Trucks,31771104066
2008,2008,Other_Arterial_Rural_VMT,All Light Duty Vehicles,316861381386
2008,2008,Other_Arterial_Rural_VMT,Single Unit and Combination Trucks,51946994560
2008,2008,Other_Rural_VMT,Light Duty Vehicles Short Wheelbase,236762423390
2008,2008,Other_Rural_VMT,Motorcycles,3230978856
2008,2008,Other_Rural_VMT,Buses,2118520390
2008,2008,Other_Rural_VMT,Light Duty Vehicles Long Wheelbase,93094571500
2008,2008,Other_Rural_VMT,Single Unit Trucks,19285628704
2008,2008,Other_Rural_VMT,Combination Trucks,16286877159
2008,2008,Other_Rural_VMT,All Light Duty Vehicles,329856994890
2008,2008,Other_Rural_VMT,Single Unit and Combination Trucks,35572505863
2008,2008,All_Rural_VMT,Light Duty Vehicles Short Wheelbase,599783690951
2008,2008,All_Rural_VMT,Motorcycles,8168455037
2008,2008,All_Rural_VMT,Buses,6317107962
2008,2008,All_Rural_VMT,Light Duty Vehicles Long Wheelbase,224503107450
2008,2008,All_Rural_VMT,Single Unit Trucks,51431359674
2008,2008,All_Rural_VMT,Combination Trucks,98031278927
2008,2008,All_Rural_VMT,All Light Duty Vehicles,824286798401
2008,2008,All_Rural_VMT,Single Unit and Combination Trucks,149462638601
2008,2008,Interstate_Urban_VMT,Light Duty Vehicles Short Wheelbase,335611932832
2008,2008,Interstate_Urban_VMT,Motorcycles,2527495732
2008,2008,Interstate_Urban_VMT,Buses,2130732177
2008,2008,Interstate_Urban_VMT,Light Duty Vehicles Long Wheelbase,83428900776
2008,2008,Interstate_Urban_VMT,Single Unit Trucks,16751534869
2008,2008,Interstate_Urban_VMT,Combination Trucks,35663403614
2008,2008,Interstate_Urban_VMT,All Light Duty Vehicles,419040833608
2008,2008,Interstate_Urban_VMT,Single Unit and Combination Trucks,52414938483
2008,2008,Other_Urban_VMT,Light Duty Vehicles Short Wheelbase,1089361366920
2008,2008,Other_Urban_VMT,Motorcycles,10114756279
2008,2008,Other_Urban_VMT,Buses,6375617361
2008,2008,Other_Urban_VMT,Light Duty Vehicles Long Wheelbase,297524435196
2008,2008,Other_Urban_VMT,Single Unit Trucks,58671782599
2008,2008,Other_Urban_VMT,Combination Trucks,50131041646
2008,2008,Other_Urban_VMT,All Light Duty Vehicles,1386885802116
2008,2008,Other_Urban_VMT,Single Unit and Combination Trucks,108802824245
2008,2008,All_Urban_VMT,Light Duty Vehicles Short Wheelbase,1424973299752
2008,2008,All_Urban_VMT,Motorcycles,12642252010
2008,2008,All_Urban_VMT,Buses,8506349538
2008,2008,All_Urban_VMT,Light Duty Vehicles Long Wheelbase,380953335972
2008,2008,All_Urban_VMT,Single Unit Trucks,75423317468
2008,2008,All_Urban_VMT,Combination Trucks,85794445260
2008,2008,All_Urban_VMT,All Light Duty Vehicles,1805926635724
2008,2008,All_Urban_VMT,Single Unit and Combination Trucks,161217762728
2008,2008,Total_VMT,Light Duty Vehicles Short Wheelbase,2024756990704
2008,2008,Total_VMT,Motorcycles,20810707047
2008,2008,Total_VMT,Buses,14823457500
2008,2008,Total_VMT,Light Duty Vehicles Long Wheelbase,605456443421
2008,2008,Total_VMT,Single Unit Trucks,126854677142
2008,2008,Total_VMT,Combination Trucks,183825724186
2008,2008,Total_VMT,All Light Duty Vehicles,2630213434125
2008,2008,Total_VMT,Single Unit and Combination Trucks,310680401328
2008,2008,No._Vehicles_Registered,Light Duty Vehicles Short Wheelbase,196762927
2008,2008,No._Vehicles_Registered,Motorcycles,7752926
2008,2008,No._Vehicles_Registered,Buses,843308
2008,2008,No._Vehicles_Registered,Light Duty Vehicles Long Wheelbase,39685228
2008,2008,No._Vehicles_Registered,Single Unit Trucks,8288046
2008,2008,No._Vehicles_Registered,Combination Trucks,2585229
2008,2008,No._Vehicles_Registered,All Light Duty Vehicles,236448155
2008,2008,No._Vehicles_Registered,Single Unit and Combination Trucks,10873275
2008,2008,Avg._Miles_per_Vehicle,Light Duty Vehicles Short Wheelbase,10290
2008,2008,Avg._Miles_per_Vehicle,Motorcycles,2684
2008,2008,Avg._Miles_per_Vehicle,Buses,17578
2008,2008,Avg._Miles_per_Vehicle,Light Duty Vehicles Long Wheelbase,15256
2008,2008,Avg._Miles_per_Vehicle,Single Unit Trucks,15306
2008,2008,Avg._Miles_per_Vehicle,Combination Trucks,71106
2008,2008,Avg._Miles_per_Vehicle,All Light Duty Vehicles,11124
2008,2008,Avg._Miles_per_Vehicle,Single Unit and Combination Trucks,28573
2008,2008,Person-Miles,Light Duty Vehicles Short Wheelbase,3199116045312
2008,2008,Person-Miles,Motorcycles,26429597950
2008,2008,Person-Miles,Buses,314278097763
2008,2008,Person-Miles,Light Duty Vehicles Long Wheelbase,1049666515918
2008,2008,Person-Miles,Single Unit Trucks,126854677142
2008,2008,Person-Miles,Combination Trucks,183825724186
2008,2008,Person-Miles,All Light Duty Vehicles,4248782561229
2008,2008,Person-Miles,Single Unit and Combination Trucks,310680401328
2008,2008,Fuel_Consumed,Light Duty Vehicles Short Wheelbase,85589249299
2008,2008,Fuel_Consumed,Motorcycles,489419220
2008,2008,Fuel_Consumed,Buses,2056927857
2008,2008,Fuel_Consumed,Light Duty Vehicles Long Wheelbase,34925303864
2008,2008,Fuel_Consumed,Single Unit Trucks,17143521164
2008,2008,Fuel_Consumed,Combination Trucks,30560881596
2008,2008,Fuel_Consumed,All Light Duty Vehicles,120514553163
2008,2008,Fuel_Consumed,Single Unit and Combination Trucks,47704402760
2008,2008,Avg._Fuel_per_Vehicle,Light Duty Vehicles Short Wheelbase,435
2008,2008,Avg._Fuel_per_Vehicle,Motorcycles,63
2008,2008,Avg._Fuel_per_Vehicle,Buses,2439
2008,2008,Avg._Fuel_per_Vehicle,Light Duty Vehicles Long Wheelbase,880
2008,2008,Avg._Fuel_per_Vehicle,Single Unit Trucks,2068
2008,2008,Avg._Fuel_per_Vehicle,Combination Trucks,11821
2008,2008,Avg._Fuel_per_Vehicle,All Light Duty Vehicles,510
2008,2008,Avg._Fuel_per_Vehicle,Single Unit and Combination Trucks,4387
2008,2008,Avg._Miles_Traveled_per_Gallon,Light Duty Vehicles Short Wheelbase,24
2008,2008,Avg._Miles_Traveled_per_Gallon,Motorcycles,43
2008,2008,Avg._Miles_Traveled_per_Gallon,Buses,7
2008,2008,Avg._Miles_Traveled_per_Gallon,Light Duty Vehicles Long Wheelbase,17
2008,2008,Avg._Miles_Traveled_per_Gallon,Single Unit Trucks,7
2008,2008,Avg._Miles_Traveled_per_Gallon,Combination Trucks,6
2008,2008,Avg._Miles_Traveled_per_Gallon,All Light Duty Vehicles,22
2008,2008,Avg._Miles_Traveled_per_Gallon,Single Unit and Combination Trucks,7
2007,2007,Interstate_Rural_VMT,Light Duty Vehicles Short Wheelbase,145445018322
2007,2007,Interstate_Rural_VMT,Motorcycles,1877030997
2007,2007,Interstate_Rural_VMT,Buses,1809770570
2007,2007,Interstate_Rural_VMT,Light Duty Vehicles Long Wheelbase,43057291606
2007,2007,Interstate_Rural_VMT,Single Unit Trucks,11067636397
2007,2007,Interstate_Rural_VMT,Combination Trucks,53181252109
2007,2007,Interstate_Rural_VMT,All Light Duty Vehicles,188502309928
2007,2007,Interstate_Rural_VMT,Single Unit and Combination Trucks,64248888506
2007,2007,Other_Arterial_Rural_VMT,Light Duty Vehicles Short Wheelbase,245869804433
2007,2007,Other_Arterial_Rural_VMT,Motorcycles,5421266406
2007,2007,Other_Arterial_Rural_VMT,Buses,2284313621
2007,2007,Other_Arterial_Rural_VMT,Light Duty Vehicles Long Wheelbase,87270238800
2007,2007,Other_Arterial_Rural_VMT,Single Unit Trucks,19511287847
2007,2007,Other_Arterial_Rural_VMT,Combination Trucks,33108088892
2007,2007,Other_Arterial_Rural_VMT,All Light Duty Vehicles,333140043234
2007,2007,Other_Arterial_Rural_VMT,Single Unit and Combination Trucks,52619376739
2007,2007,Other_Rural_VMT,Light Duty Vehicles Short Wheelbase,246365369413
2007,2007,Other_Rural_VMT,Motorcycles,2900618083
2007,2007,Other_Rural_VMT,Buses,2113364496
2007,2007,Other_Rural_VMT,Light Duty Vehicles Long Wheelbase,94530976525
2007,2007,Other_Rural_VMT,Single Unit Trucks,19986027707
2007,2007,Other_Rural_VMT,Combination Trucks,16990643777
2007,2007,Other_Rural_VMT,All Light Duty Vehicles,340896345937
2007,2007,Other_Rural_VMT,Single Unit and Combination Trucks,36976671484
2007,2007,All_Rural_VMT,Light Duty Vehicles Short Wheelbase,637680192167
2007,2007,All_Rural_VMT,Motorcycles,10198915486
2007,2007,All_Rural_VMT,Buses,6207448686
2007,2007,All_Rural_VMT,Light Duty Vehicles Long Wheelbase,224858506931
2007,2007,All_Rural_VMT,Single Unit Trucks,50564951951
2007,2007,All_Rural_VMT,Combination Trucks,103279984779
2007,2007,All_Rural_VMT,All Light Duty Vehicles,862538699098
2007,2007,All_Rural_VMT,Single Unit and Combination Trucks,153844936729
2007,2007,Interstate_Urban_VMT,Light Duty Vehicles Short Wheelbase,344104577104
2007,2007,Interstate_Urban_VMT,Motorcycles,2782835878
2007,2007,Interstate_Urban_VMT,Buses,2088885791
2007,2007,Interstate_Urban_VMT,Light Duty Vehicles Long Wheelbase,78810518868
2007,2007,Interstate_Urban_VMT,Single Unit Trucks,16651599937
2007,2007,Interstate_Urban_VMT,Combination Trucks,38876582422
2007,2007,Interstate_Urban_VMT,All Light Duty Vehicles,422915095972
2007,2007,Interstate_Urban_VMT,Single Unit and Combination Trucks,55528182359
2007,2007,Other_Urban_VMT,Light Duty Vehicles Short Wheelbase,1122631036071
2007,2007,Other_Urban_VMT,Motorcycles,8414432340
2007,2007,Other_Urban_VMT,Buses,6219346950
2007,2007,Other_Urban_VMT,Light Duty Vehicles Long Wheelbase,282949373969
2007,2007,Other_Urban_VMT,Single Unit Trucks,52762286491
2007,2007,Other_Urban_VMT,Combination Trucks,42042524179
2007,2007,Other_Urban_VMT,All Light Duty Vehicles,1405580410040
2007,2007,Other_Urban_VMT,Single Unit and Combination Trucks,94804810670
2007,2007,All_Urban_VMT,Light Duty Vehicles Short Wheelbase,1466735613175
2007,2007,All_Urban_VMT,Motorcycles,11197268218
2007,2007,All_Urban_VMT,Buses,8308232741
2007,2007,All_Urban_VMT,Light Duty Vehicles Long Wheelbase,361759892837
2007,2007,All_Urban_VMT,Single Unit Trucks,69413886428
2007,2007,All_Urban_VMT,Combination Trucks,80919106601
2007,2007,All_Urban_VMT,All Light Duty Vehicles,1828495506012
2007,2007,All_Urban_VMT,Single Unit and Combination Trucks,150332993029
2007,2007,Total_VMT,Light Duty Vehicles Short Wheelbase,2104415805343
2007,2007,Total_VMT,Motorcycles,21396183704
2007,2007,Total_VMT,Buses,14515681427
2007,2007,Total_VMT,Light Duty Vehicles Long Wheelbase,586618399768
2007,2007,Total_VMT,Single Unit Trucks,119978838378
2007,2007,Total_VMT,Combination Trucks,184199091380
2007,2007,Total_VMT,All Light Duty Vehicles,2691034205111
2007,2007,Total_VMT,Single Unit and Combination Trucks,304177929758
2007,2007,No._Vehicles_Registered,Light Duty Vehicles Short Wheelbase,196491176
2007,2007,No._Vehicles_Registered,Motorcycles,7138476
2007,2007,No._Vehicles_Registered,Buses,834436
2007,2007,No._Vehicles_Registered,Light Duty Vehicles Long Wheelbase,39186974
2007,2007,No._Vehicles_Registered,Single Unit Trucks,8116672
2007,2007,No._Vehicles_Registered,Combination Trucks,2635347
2007,2007,No._Vehicles_Registered,All Light Duty Vehicles,235678150
2007,2007,No._Vehicles_Registered,Single Unit and Combination Trucks,10752019
2007,2007,Avg._Miles_per_Vehicle,Light Duty Vehicles Short Wheelbase,10710
2007,2007,Avg._Miles_per_Vehicle,Motorcycles,2997
2007,2007,Avg._Miles_per_Vehicle,Buses,17396
2007,2007,Avg._Miles_per_Vehicle,Light Duty Vehicles Long Wheelbase,14970
2007,2007,Avg._Miles_per_Vehicle,Single Unit Trucks,14782
2007,2007,Avg._Miles_per_Vehicle,Combination Trucks,69896
2007,2007,Avg._Miles_per_Vehicle,All Light Duty Vehicles,11418
2007,2007,Avg._Miles_per_Vehicle,Single Unit and Combination Trucks,28290
2007,2007,Person-Miles,Light Duty Vehicles Short Wheelbase,3324976972442
2007,2007,Person-Miles,Motorcycles,27173153304
2007,2007,Person-Miles,Buses,307752813187
2007,2007,Person-Miles,Light Duty Vehicles Long Wheelbase,1017007414073
2007,2007,Person-Miles,Single Unit Trucks,119978838378
2007,2007,Person-Miles,Combination Trucks,184199091380
2007,2007,Person-Miles,All Light Duty Vehicles,4341984386514
2007,2007,Person-Miles,Single Unit and Combination Trucks,304177929758
2007,2007,Fuel_Consumed,Light Duty Vehicles Short Wheelbase,89576885335
2007,2007,Fuel_Consumed,Motorcycles,474923177
2007,2007,Fuel_Consumed,Buses,2021694773
2007,2007,Fuel_Consumed,Light Duty Vehicles Long Wheelbase,36910316699
2007,2007,Fuel_Consumed,Single Unit Trucks,16314452614
2007,2007,Fuel_Consumed,Combination Trucks,30904395402
2007,2007,Fuel_Consumed,All Light Duty Vehicles,126487202034
2007,2007,Fuel_Consumed,Single Unit and Combination Trucks,47218848016
2007,2007,Avg._Fuel_per_Vehicle,Light Duty Vehicles Short Wheelbase,456
2007,2007,Avg._Fuel_per_Vehicle,Motorcycles,67
2007,2007,Avg._Fuel_per_Vehicle,Buses,2423
2007,2007,Avg._Fuel_per_Vehicle,Light Duty Vehicles Long Wheelbase,942
2007,2007,Avg._Fuel_per_Vehicle,Single Unit Trucks,2010
2007,2007,Avg._Fuel_per_Vehicle,Combination Trucks,11727
2007,2007,Avg._Fuel_per_Vehicle,All Light Duty Vehicles,537
2007,2007,Avg._Fuel_per_Vehicle,Single Unit and Combination Trucks,4392
2007,2007,Avg._Miles_Traveled_per_Gallon,Light Duty Vehicles Short Wheelbase,23
2007,2007,Avg._Miles_Traveled_per_Gallon,Motorcycles,43
2007,2007,Avg._Miles_Traveled_per_Gallon,Buses,7
2007,2007,Avg._Miles_Traveled_per_Gallon,Light Duty Vehicles Long Wheelbase,17
2007,2007,Avg._Miles_Traveled_per_Gallon,Single Unit Trucks,7
2007,2007,Avg._Miles_Traveled_per_Gallon,Combination Trucks,6
2007,2007,Avg._Miles_Traveled_per_Gallon,All Light Duty Vehicles,21
2007,2007,Avg._Miles_Traveled_per_Gallon,Single Unit and Combination Trucks,6
2006,2006,Interstate_Rural_VMT,Light Duty Vehicles Short Wheelbase,123846796027
2006,2006,Interstate_Rural_VMT,Motorcycles,1366672876
2006,2006,Interstate_Rural_VMT,Buses,949675114
2006,2006,Interstate_Rural_VMT,Light Duty Vehicles Long Wheelbase,81547711611
2006,2006,Interstate_Rural_VMT,Single Unit Trucks,7124715138
2006,2006,Interstate_Rural_VMT,Combination Trucks,43079429235
2006,2006,Interstate_Rural_VMT,All Light Duty Vehicles,205394507638
2006,2006,Interstate_Rural_VMT,Single Unit and Combination Trucks,50204144373
2006,2006,Other_Arterial_Rural_VMT,Light Duty Vehicles Short Wheelbase,207028591569
2006,2006,Other_Arterial_Rural_VMT,Motorcycles,1602189757
2006,2006,Other_Arterial_Rural_VMT,Buses,958545778
2006,2006,Other_Arterial_Rural_VMT,Light Duty Vehicles Long Wheelbase,145715827647
2006,2006,Other_Arterial_Rural_VMT,Single Unit Trucks,13846576030
2006,2006,Other_Arterial_Rural_VMT,Combination Trucks,25430269220
2006,2006,Other_Arterial_Rural_VMT,All Light Duty Vehicles,352744419216
2006,2006,Other_Arterial_Rural_VMT,Single Unit and Combination Trucks,39276845249
2006,2006,Other_Rural_VMT,Light Duty Vehicles Short Wheelbase,206731988741
2006,2006,Other_Rural_VMT,Motorcycles,1666381817
2006,2006,Other_Rural_VMT,Buses,1612308932
2006,2006,Other_Rural_VMT,Light Duty Vehicles Long Wheelbase,145772930750
2006,2006,Other_Rural_VMT,Single Unit Trucks,15154055781
2006,2006,Other_Rural_VMT,Combination Trucks,13711333979
2006,2006,Other_Rural_VMT,All Light Duty Vehicles,352504919491
2006,2006,Other_Rural_VMT,Single Unit and Combination Trucks,28865389760
2006,2006,All_Rural_VMT,Light Duty Vehicles Short Wheelbase,537607376336
2006,2006,All_Rural_VMT,Motorcycles,4635244450
2006,2006,All_Rural_VMT,Buses,3520529824
2006,2006,All_Rural_VMT,Light Duty Vehicles Long Wheelbase,373036470008
2006,2006,All_Rural_VMT,Single Unit Trucks,36125346948
2006,2006,All_Rural_VMT,Combination Trucks,82221032433
2006,2006,All_Rural_VMT,All Light Duty Vehicles,910643846345
2006,2006,All_Rural_VMT,Single Unit and Combination Trucks,118346379382
2006,2006,Interstate_Urban_VMT,Light Duty Vehicles Short Wheelbase,267105507768
2006,2006,Interstate_Urban_VMT,Motorcycles,2379370987
2006,2006,Interstate_Urban_VMT,Buses,1023854920
2006,2006,Interstate_Urban_VMT,Light Duty Vehicles Long Wheelbase,166660033766
2006,2006,Interstate_Urban_VMT,Single Unit Trucks,10032886731
2006,2006,Interstate_Urban_VMT,Combination Trucks,30085345827
2006,2006,Interstate_Urban_VMT,All Light Duty Vehicles,433765541534
2006,2006,Interstate_Urban_VMT,Single Unit and Combination Trucks,40118232558
2006,2006,Other_Urban_VMT,Light Duty Vehicles Short Wheelbase,885821439013
2006,2006,Other_Urban_VMT,Motorcycles,5034863075
2006,2006,Other_Urban_VMT,Buses,2238932947
2006,2006,Other_Urban_VMT,Light Duty Vehicles Long Wheelbase,542793928436
2006,2006,Other_Urban_VMT,Single Unit Trucks,34185987484
2006,2006,Other_Urban_VMT,Combination Trucks,29862849045
2006,2006,Other_Urban_VMT,All Light Duty Vehicles,1428615367449
2006,2006,Other_Urban_VMT,Single Unit and Combination Trucks,64048836530
2006,2006,All_Urban_VMT,Light Duty Vehicles Short Wheelbase,1152926946781
2006,2006,All_Urban_VMT,Motorcycles,7414234062
2006,2006,All_Urban_VMT,Buses,3262787867
2006,2006,All_Urban_VMT,Light Duty Vehicles Long Wheelbase,709453962202
2006,2006,All_Urban_VMT,Single Unit Trucks,44218874216
2006,2006,All_Urban_VMT,Combination Trucks,59948194872
2006,2006,All_Urban_VMT,All Light Duty Vehicles,1862380908983
2006,2006,All_Urban_VMT,Single Unit and Combination Trucks,104167069088
2006,2006,Total_VMT,Light Duty Vehicles Short Wheelbase,1690534323118
2006,2006,Total_VMT,Motorcycles,12049478512
2006,2006,Total_VMT,Buses,6783317690
2006,2006,Total_VMT,Light Duty Vehicles Long Wheelbase,1082490432210
2006,2006,Total_VMT,Single Unit Trucks,80344221164
2006,2006,Total_VMT,Combination Trucks,142169227305
2006,2006,Total_VMT,All Light Duty Vehicles,2773024755328
2006,2006,Total_VMT,Single Unit and Combination Trucks,222513448470
2006,2006,No._Vehicles_Registered,Light Duty Vehicles Short Wheelbase,135399945
2006,2006,No._Vehicles_Registered,Motorcycles,6678958
2006,2006,No._Vehicles_Registered,Buses,821959
2006,2006,No._Vehicles_Registered,Light Duty Vehicles Long Wheelbase,99124775
2006,2006,No._Vehicles_Registered,Single Unit Trucks,6649337
2006,2006,No._Vehicles_Registered,Combination Trucks,2169670
2006,2006,No._Vehicles_Registered,All Light Duty Vehicles,234524720
2006,2006,No._Vehicles_Registered,Single Unit and Combination Trucks,8819007
2006,2006,Avg._Miles_per_Vehicle,Light Duty Vehicles Short Wheelbase,12485
2006,2006,Avg._Miles_per_Vehicle,Motorcycles,1804
2006,2006,Avg._Miles_per_Vehicle,Buses,8253
2006,2006,Avg._Miles_per_Vehicle,Light Duty Vehicles Long Wheelbase,10920
2006,2006,Avg._Miles_per_Vehicle,Single Unit Trucks,12083
2006,2006,Avg._Miles_per_Vehicle,Combination Trucks,65526
2006,2006,Avg._Miles_per_Vehicle,All Light Duty Vehicles,11824
2006,2006,Avg._Miles_per_Vehicle,Single Unit and Combination Trucks,25231
2006,2006,Person-Miles,Light Duty Vehicles Short Wheelbase,2671044230526
2006,2006,Person-Miles,Motorcycles,15302837711
2006,2006,Person-Miles,Buses,143815852700
2006,2006,Person-Miles,Light Duty Vehicles Long Wheelbase,1876689847533
2006,2006,Person-Miles,Single Unit Trucks,80344221164
2006,2006,Person-Miles,Combination Trucks,142169227305
2006,2006,Person-Miles,All Light Duty Vehicles,4547734078059
2006,2006,Person-Miles,Single Unit and Combination Trucks,222513448470
2006,2006,Fuel_Consumed,Light Duty Vehicles Short Wheelbase,75008950126
2006,2006,Fuel_Consumed,Motorcycles,221029721
2006,2006,Fuel_Consumed,Buses,1148409300
2006,2006,Fuel_Consumed,Light Duty Vehicles Long Wheelbase,60685248549
2006,2006,Fuel_Consumed,Single Unit Trucks,9852377699
2006,2006,Fuel_Consumed,Combination Trucks,28106543605
2006,2006,Fuel_Consumed,All Light Duty Vehicles,135694198675
2006,2006,Fuel_Consumed,Single Unit and Combination Trucks,37958921304
2006,2006,Avg._Fuel_per_Vehicle,Light Duty Vehicles Short Wheelbase,554
2006,2006,Avg._Fuel_per_Vehicle,Motorcycles,33
2006,2006,Avg._Fuel_per_Vehicle,Buses,1397
2006,2006,Avg._Fuel_per_Vehicle,Light Duty Vehicles Long Wheelbase,612
2006,2006,Avg._Fuel_per_Vehicle,Single Unit Trucks,1482
2006,2006,Avg._Fuel_per_Vehicle,Combination Trucks,12954
2006,2006,Avg._Fuel_per_Vehicle,All Light Duty Vehicles,579
2006,2006,Avg._Fuel_per_Vehicle,Single Unit and Combination Trucks,4304
2006,2006,Avg._Miles_Traveled_per_Gallon,Light Duty Vehicles Short Wheelbase,23
2006,2006,Avg._Miles_Traveled_per_Gallon,Motorcycles,55
2006,2006,Avg._Miles_Traveled_per_Gallon,Buses,6
2006,2006,Avg._Miles_Traveled_per_Gallon,Light Duty Vehicles Long Wheelbase,18
2006,2006,Avg._Miles_Traveled_per_Gallon,Single Unit Trucks,8
2006,2006,Avg._Miles_Traveled_per_Gallon,Combination Trucks,5
2006,2006,Avg._Miles_Traveled_per_Gallon,All Light Duty Vehicles,20
2006,2006,Avg._Miles_Traveled_per_Gallon,Single Unit and Combination Trucks,6
2005,2005,Interstate_Rural_VMT,Light Duty Vehicles Short Wheelbase,122789047733
2005,2005,Interstate_Rural_VMT,Motorcycles,1356193272
2005,2005,Interstate_Rural_VMT,Buses,945819286
2005,2005,Interstate_Rural_VMT,Light Duty Vehicles Long Wheelbase,80173015873
2005,2005,Interstate_Rural_VMT,Single Unit Trucks,7711925590
2005,2005,Interstate_Rural_VMT,Combination Trucks,43665998246
2005,2005,Interstate_Rural_VMT,All Light Duty Vehicles,202962063606
2005,2005,Interstate_Rural_VMT,Single Unit and Combination Trucks,51377923836
2005,2005,Other_Arterial_Rural_VMT,Light Duty Vehicles Short Wheelbase,210331347684
2005,2005,Other_Arterial_Rural_VMT,Motorcycles,1412667611
2005,2005,Other_Arterial_Rural_VMT,Buses,973126075
2005,2005,Other_Arterial_Rural_VMT,Light Duty Vehicles Long Wheelbase,143975995766
2005,2005,Other_Arterial_Rural_VMT,Single Unit Trucks,13815414625
2005,2005,Other_Arterial_Rural_VMT,Combination Trucks,25946448238
2005,2005,Other_Arterial_Rural_VMT,All Light Duty Vehicles,354307343451
2005,2005,Other_Arterial_Rural_VMT,Single Unit and Combination Trucks,39761862863
2005,2005,Other_Rural_VMT,Light Duty Vehicles Short Wheelbase,210058619659
2005,2005,Other_Rural_VMT,Motorcycles,1565823939
2005,2005,Other_Rural_VMT,Buses,1748106419
2005,2005,Other_Rural_VMT,Light Duty Vehicles Long Wheelbase,137412754189
2005,2005,Other_Rural_VMT,Single Unit Trucks,14449764276
2005,2005,Other_Rural_VMT,Combination Trucks,14093931517
2005,2005,Other_Rural_VMT,All Light Duty Vehicles,347471373848
2005,2005,Other_Rural_VMT,Single Unit and Combination Trucks,28543695794
2005,2005,All_Rural_VMT,Light Duty Vehicles Short Wheelbase,543179015076
2005,2005,All_Rural_VMT,Motorcycles,4334684822
2005,2005,All_Rural_VMT,Buses,3667051780
2005,2005,All_Rural_VMT,Light Duty Vehicles Long Wheelbase,361561765829
2005,2005,All_Rural_VMT,Single Unit Trucks,35977104491
2005,2005,All_Rural_VMT,Combination Trucks,83706378002
2005,2005,All_Rural_VMT,All Light Duty Vehicles,904740780905
2005,2005,All_Rural_VMT,Single Unit and Combination Trucks,119683482493
2005,2005,Interstate_Urban_VMT,Light Duty Vehicles Short Wheelbase,266833561975
2005,2005,Interstate_Urban_VMT,Motorcycles,2270433359
2005,2005,Interstate_Urban_VMT,Buses,1062124199
2005,2005,Interstate_Urban_VMT,Light Duty Vehicles Long Wheelbase,160469733770
2005,2005,Interstate_Urban_VMT,Single Unit Trucks,10536288443
2005,2005,Interstate_Urban_VMT,Combination Trucks,29752858253
2005,2005,Interstate_Urban_VMT,All Light Duty Vehicles,427303295745
2005,2005,Interstate_Urban_VMT,Single Unit and Combination Trucks,40289146696
2005,2005,Other_Urban_VMT,Light Duty Vehicles Short Wheelbase,898408082960
2005,2005,Other_Urban_VMT,Motorcycles,3849178708
2005,2005,Other_Urban_VMT,Buses,2251115398
2005,2005,Other_Urban_VMT,Light Duty Vehicles Long Wheelbase,519019956556
2005,2005,Other_Urban_VMT,Single Unit Trucks,31982266591
2005,2005,Other_Urban_VMT,Combination Trucks,30568399787
2005,2005,Other_Urban_VMT,All Light Duty Vehicles,1417428039516
2005,2005,Other_Urban_VMT,Single Unit and Combination Trucks,62550666378
2005,2005,All_Urban_VMT,Light Duty Vehicles Short Wheelbase,1165241644935
2005,2005,All_Urban_VMT,Motorcycles,6119612067
2005,2005,All_Urban_VMT,Buses,3313239598
2005,2005,All_Urban_VMT,Light Duty Vehicles Long Wheelbase,679489690326
2005,2005,All_Urban_VMT,Single Unit Trucks,42518555035
2005,2005,All_Urban_VMT,Combination Trucks,60321258040
2005,2005,All_Urban_VMT,All Light Duty Vehicles,1844731335261
2005,2005,All_Urban_VMT,Single Unit and Combination Trucks,102839813074
2005,2005,Total_VMT,Light Duty Vehicles Short Wheelbase,1708420660011
2005,2005,Total_VMT,Motorcycles,10454296889
2005,2005,Total_VMT,Buses,6980291378
2005,2005,Total_VMT,Light Duty Vehicles Long Wheelbase,1041051456155
2005,2005,Total_VMT,Single Unit Trucks,78495659526
2005,2005,Total_VMT,Combination Trucks,144027636041
2005,2005,Total_VMT,All Light Duty Vehicles,2749472116166
2005,2005,Total_VMT,Single Unit and Combination Trucks,222523295567
2005,2005,No._Vehicles_Registered,Light Duty Vehicles Short Wheelbase,136568083
2005,2005,No._Vehicles_Registered,Motorcycles,6227146
2005,2005,No._Vehicles_Registered,Buses,807053
2005,2005,No._Vehicles_Registered,Light Duty Vehicles Long Wheelbase,95336839
2005,2005,No._Vehicles_Registered,Single Unit Trucks,6395240
2005,2005,No._Vehicles_Registered,Combination Trucks,2086759
2005,2005,No._Vehicles_Registered,All Light Duty Vehicles,231904922
2005,2005,No._Vehicles_Registered,Single Unit and Combination Trucks,8481999
2005,2005,Avg._Miles_per_Vehicle,Light Duty Vehicles Short Wheelbase,12510
2005,2005,Avg._Miles_per_Vehicle,Motorcycles,1679
2005,2005,Avg._Miles_per_Vehicle,Buses,8649
2005,2005,Avg._Miles_per_Vehicle,Light Duty Vehicles Long Wheelbase,10920
2005,2005,Avg._Miles_per_Vehicle,Single Unit Trucks,12274
2005,2005,Avg._Miles_per_Vehicle,Combination Trucks,69020
2005,2005,Avg._Miles_per_Vehicle,All Light Duty Vehicles,11856
2005,2005,Avg._Miles_per_Vehicle,Single Unit and Combination Trucks,26235
2005,2005,Person-Miles,Light Duty Vehicles Short Wheelbase,2699304642818
2005,2005,Person-Miles,Motorcycles,13276957049
2005,2005,Person-Miles,Buses,147991971251
2005,2005,Person-Miles,Light Duty Vehicles Long Wheelbase,1804848006404
2005,2005,Person-Miles,Single Unit Trucks,78495659526
2005,2005,Person-Miles,Combination Trucks,144027636041
2005,2005,Person-Miles,All Light Duty Vehicles,4504152649221
2005,2005,Person-Miles,Single Unit and Combination Trucks,222523295567
2005,2005,Fuel_Consumed,Light Duty Vehicles Short Wheelbase,77418460568
2005,2005,Fuel_Consumed,Motorcycles,189495008
2005,2005,Fuel_Consumed,Buses,1120052529
2005,2005,Fuel_Consumed,Light Duty Vehicles Long Wheelbase,58869087649
2005,2005,Fuel_Consumed,Single Unit Trucks,9501105485
2005,2005,Fuel_Consumed,Combination Trucks,27688663761
2005,2005,Fuel_Consumed,All Light Duty Vehicles,136287548217
2005,2005,Fuel_Consumed,Single Unit and Combination Trucks,37189769246
2005,2005,Avg._Fuel_per_Vehicle,Light Duty Vehicles Short Wheelbase,567
2005,2005,Avg._Fuel_per_Vehicle,Motorcycles,30
2005,2005,Avg._Fuel_per_Vehicle,Buses,1388
2005,2005,Avg._Fuel_per_Vehicle,Light Duty Vehicles Long Wheelbase,617
2005,2005,Avg._Fuel_per_Vehicle,Single Unit Trucks,1486
2005,2005,Avg._Fuel_per_Vehicle,Combination Trucks,13269
2005,2005,Avg._Fuel_per_Vehicle,All Light Duty Vehicles,588
2005,2005,Avg._Fuel_per_Vehicle,Single Unit and Combination Trucks,4385
2005,2005,Avg._Miles_Traveled_per_Gallon,Light Duty Vehicles Short Wheelbase,22
2005,2005,Avg._Miles_Traveled_per_Gallon,Motorcycles,55
2005,2005,Avg._Miles_Traveled_per_Gallon,Buses,6
2005,2005,Avg._Miles_Traveled_per_Gallon,Light Duty Vehicles Long Wheelbase,18
2005,2005,Avg._Miles_Traveled_per_Gallon,Single Unit Trucks,8
2005,2005,Avg._Miles_Traveled_per_Gallon,Combination Trucks,5
2005,2005,Avg._Miles_Traveled_per_Gallon,All Light Duty Vehicles,20
2005,2005,Avg._Miles_Traveled_per_Gallon,Single Unit and Combination Trucks,6
2004,2004,Interstate_Rural_VMT,Light Duty Vehicles Short Wheelbase,129415297330
2004,2004,Interstate_Rural_VMT,Motorcycles,1353583218
2004,2004,Interstate_Rural_VMT,Buses,999136132
2004,2004,Interstate_Rural_VMT,Light Duty Vehicles Long Wheelbase,83180880464
2004,2004,Interstate_Rural_VMT,Single Unit Trucks,7712886038
2004,2004,Interstate_Rural_VMT,Combination Trucks,43583216817
2004,2004,Interstate_Rural_VMT,All Light Duty Vehicles,212596177795
2004,2004,Interstate_Rural_VMT,Single Unit and Combination Trucks,51296102855
2004,2004,Other_Arterial_Rural_VMT,Light Duty Vehicles Short Wheelbase,217494980376
2004,2004,Other_Arterial_Rural_VMT,Motorcycles,1434815593
2004,2004,Other_Arterial_Rural_VMT,Buses,991652302
2004,2004,Other_Arterial_Rural_VMT,Light Duty Vehicles Long Wheelbase,148801564993
2004,2004,Other_Arterial_Rural_VMT,Single Unit Trucks,14275681185
2004,2004,Other_Arterial_Rural_VMT,Combination Trucks,26414305552
2004,2004,Other_Arterial_Rural_VMT,All Light Duty Vehicles,366296545368
2004,2004,Other_Arterial_Rural_VMT,Single Unit and Combination Trucks,40689986737
2004,2004,Other_Rural_VMT,Light Duty Vehicles Short Wheelbase,217598967391
2004,2004,Other_Rural_VMT,Motorcycles,1592772664
2004,2004,Other_Rural_VMT,Buses,1700033788
2004,2004,Other_Rural_VMT,Light Duty Vehicles Long Wheelbase,142532397020
2004,2004,Other_Rural_VMT,Single Unit Trucks,15027965496
2004,2004,Other_Rural_VMT,Combination Trucks,14315863640
2004,2004,Other_Rural_VMT,All Light Duty Vehicles,360131364412
2004,2004,Other_Rural_VMT,Single Unit and Combination Trucks,29343829136
2004,2004,All_Rural_VMT,Light Duty Vehicles Short Wheelbase,564509245098
2004,2004,All_Rural_VMT,Motorcycles,4381171475
2004,2004,All_Rural_VMT,Buses,3690822223
2004,2004,All_Rural_VMT,Light Duty Vehicles Long Wheelbase,374514842477
2004,2004,All_Rural_VMT,Single Unit Trucks,37016532718
2004,2004,All_Rural_VMT,Combination Trucks,84313386009
2004,2004,All_Rural_VMT,All Light Duty Vehicles,939024087575
2004,2004,All_Rural_VMT,Single Unit and Combination Trucks,121329918728
2004,2004,Interstate_Urban_VMT,Light Duty Vehicles Short Wheelbase,258665767945
2004,2004,Interstate_Urban_VMT,Motorcycles,2089021959
2004,2004,Interstate_Urban_VMT,Buses,986482125
2004,2004,Interstate_Urban_VMT,Light Duty Vehicles Long Wheelbase,155713634010
2004,2004,Interstate_Urban_VMT,Single Unit Trucks,9728572136
2004,2004,Interstate_Urban_VMT,Combination Trucks,28354521826
2004,2004,Interstate_Urban_VMT,All Light Duty Vehicles,414379401954
2004,2004,Interstate_Urban_VMT,Single Unit and Combination Trucks,38083093962
2004,2004,Other_Urban_VMT,Light Duty Vehicles Short Wheelbase,876715273735
2004,2004,Other_Urban_VMT,Motorcycles,3652138774
2004,2004,Other_Urban_VMT,Buses,2123586605
2004,2004,Other_Urban_VMT,Light Duty Vehicles Long Wheelbase,496935240447
2004,2004,Other_Urban_VMT,Single Unit Trucks,31695896416
2004,2004,Other_Urban_VMT,Combination Trucks,29701864022
2004,2004,Other_Urban_VMT,All Light Duty Vehicles,1373650514183
2004,2004,Other_Urban_VMT,Single Unit and Combination Trucks,61397760438
2004,2004,All_Urban_VMT,Light Duty Vehicles Short Wheelbase,1135381041680
2004,2004,All_Urban_VMT,Motorcycles,5741160733
2004,2004,All_Urban_VMT,Buses,3110068731
2004,2004,All_Urban_VMT,Light Duty Vehicles Long Wheelbase,652648874457
2004,2004,All_Urban_VMT,Single Unit Trucks,41424468552
2004,2004,All_Urban_VMT,Combination Trucks,58056385847
2004,2004,All_Urban_VMT,All Light Duty Vehicles,1788029916137
2004,2004,All_Urban_VMT,Single Unit and Combination Trucks,99480854399
2004,2004,Total_VMT,Light Duty Vehicles Short Wheelbase,1699890286778
2004,2004,Total_VMT,Motorcycles,10122332208
2004,2004,Total_VMT,Buses,6800890953
2004,2004,Total_VMT,Light Duty Vehicles Long Wheelbase,1027163716934
2004,2004,Total_VMT,Single Unit Trucks,78441001271
2004,2004,Total_VMT,Combination Trucks,142369771857
2004,2004,Total_VMT,All Light Duty Vehicles,2727054003712
2004,2004,Total_VMT,Single Unit and Combination Trucks,220810773127
2004,2004,No._Vehicles_Registered,Light Duty Vehicles Short Wheelbase,136430651
2004,2004,No._Vehicles_Registered,Motorcycles,5767934
2004,2004,No._Vehicles_Registered,Buses,795274
2004,2004,No._Vehicles_Registered,Light Duty Vehicles Long Wheelbase,91845327
2004,2004,No._Vehicles_Registered,Single Unit Trucks,6161028
2004,2004,No._Vehicles_Registered,Combination Trucks,2010335
2004,2004,No._Vehicles_Registered,All Light Duty Vehicles,228275978
2004,2004,No._Vehicles_Registered,Single Unit and Combination Trucks,8171364
2004,2004,Avg._Miles_per_Vehicle,Light Duty Vehicles Short Wheelbase,12460
2004,2004,Avg._Miles_per_Vehicle,Motorcycles,1755
2004,2004,Avg._Miles_per_Vehicle,Buses,8552
2004,2004,Avg._Miles_per_Vehicle,Light Duty Vehicles Long Wheelbase,11184
2004,2004,Avg._Miles_per_Vehicle,Single Unit Trucks,12732
2004,2004,Avg._Miles_per_Vehicle,Combination Trucks,70819
2004,2004,Avg._Miles_per_Vehicle,All Light Duty Vehicles,11946
2004,2004,Avg._Miles_per_Vehicle,Single Unit and Combination Trucks,27023
2004,2004,Person-Miles,Light Duty Vehicles Short Wheelbase,2685826653109
2004,2004,Person-Miles,Motorcycles,12855361904
2004,2004,Person-Miles,Buses,144188430534
2004,2004,Person-Miles,Light Duty Vehicles Long Wheelbase,1780771138447
2004,2004,Person-Miles,Single Unit Trucks,78441001271
2004,2004,Person-Miles,Combination Trucks,142369771857
2004,2004,Person-Miles,All Light Duty Vehicles,4466597791556
2004,2004,Person-Miles,Single Unit and Combination Trucks,220810773127
2004,2004,Fuel_Consumed,Light Duty Vehicles Short Wheelbase,75401891321
2004,2004,Fuel_Consumed,Motorcycles,202446644
2004,2004,Fuel_Consumed,Buses,1360178191
2004,2004,Fuel_Consumed,Light Duty Vehicles Long Wheelbase,63417148047
2004,2004,Fuel_Consumed,Single Unit Trucks,8958622274
2004,2004,Fuel_Consumed,Combination Trucks,24190903523
2004,2004,Fuel_Consumed,All Light Duty Vehicles,138819039368
2004,2004,Fuel_Consumed,Single Unit and Combination Trucks,33149525797
2004,2004,Avg._Fuel_per_Vehicle,Light Duty Vehicles Short Wheelbase,553
2004,2004,Avg._Fuel_per_Vehicle,Motorcycles,35
2004,2004,Avg._Fuel_per_Vehicle,Buses,1710
2004,2004,Avg._Fuel_per_Vehicle,Light Duty Vehicles Long Wheelbase,690
2004,2004,Avg._Fuel_per_Vehicle,Single Unit Trucks,1454
2004,2004,Avg._Fuel_per_Vehicle,Combination Trucks,12033
2004,2004,Avg._Fuel_per_Vehicle,All Light Duty Vehicles,608
2004,2004,Avg._Fuel_per_Vehicle,Single Unit and Combination Trucks,4057
2004,2004,Avg._Miles_Traveled_per_Gallon,Light Duty Vehicles Short Wheelbase,23
2004,2004,Avg._Miles_Traveled_per_Gallon,Motorcycles,50
2004,2004,Avg._Miles_Traveled_per_Gallon,Buses,5
2004,2004,Avg._Miles_Traveled_per_Gallon,Light Duty Vehicles Long Wheelbase,16
2004,2004,Avg._Miles_Traveled_per_Gallon,Single Unit Trucks,9
2004,2004,Avg._Miles_Traveled_per_Gallon,Combination Trucks,6
2004,2004,Avg._Miles_Traveled_per_Gallon,All Light Duty Vehicles,20
2004,2004,Avg._Miles_Traveled_per_Gallon,Single Unit and Combination Trucks,7
2003,2003,Interstate_Rural_VMT,Light Duty Vehicles Short Wheelbase,132020734787
2003,2003,Interstate_Rural_VMT,Motorcycles,1277914750
2003,2003,Interstate_Rural_VMT,Buses,994285156
2003,2003,Interstate_Rural_VMT,Light Duty Vehicles Long Wheelbase,82463579349
2003,2003,Interstate_Rural_VMT,Single Unit Trucks,8326838833
2003,2003,Interstate_Rural_VMT,Combination Trucks,44566647125
2003,2003,Interstate_Rural_VMT,All Light Duty Vehicles,214484314137
2003,2003,Interstate_Rural_VMT,Single Unit and Combination Trucks,52893485958
2003,2003,Other_Arterial_Rural_VMT,Light Duty Vehicles Short Wheelbase,225407775066
2003,2003,Other_Arterial_Rural_VMT,Motorcycles,1471932079
2003,2003,Other_Arterial_Rural_VMT,Buses,1001240305
2003,2003,Other_Arterial_Rural_VMT,Light Duty Vehicles Long Wheelbase,148081223611
2003,2003,Other_Arterial_Rural_VMT,Single Unit Trucks,14337497859
2003,2003,Other_Arterial_Rural_VMT,Combination Trucks,26999331080
2003,2003,Other_Arterial_Rural_VMT,All Light Duty Vehicles,373488998677
2003,2003,Other_Arterial_Rural_VMT,Single Unit and Combination Trucks,41336828939
2003,2003,Other_Rural_VMT,Light Duty Vehicles Short Wheelbase,222479662209
2003,2003,Other_Rural_VMT,Motorcycles,1538113929
2003,2003,Other_Rural_VMT,Buses,1809433404
2003,2003,Other_Rural_VMT,Light Duty Vehicles Long Wheelbase,142250718573
2003,2003,Other_Rural_VMT,Single Unit Trucks,14984724977
2003,2003,Other_Rural_VMT,Combination Trucks,14431346907
2003,2003,Other_Rural_VMT,All Light Duty Vehicles,364730380783
2003,2003,Other_Rural_VMT,Single Unit and Combination Trucks,29416071884
2003,2003,All_Rural_VMT,Light Duty Vehicles Short Wheelbase,579908172062
2003,2003,All_Rural_VMT,Motorcycles,4287960758
2003,2003,All_Rural_VMT,Buses,3804958866
2003,2003,All_Rural_VMT,Light Duty Vehicles Long Wheelbase,372795521534
2003,2003,All_Rural_VMT,Single Unit Trucks,37649061669
2003,2003,All_Rural_VMT,Combination Trucks,85997325112
2003,2003,All_Rural_VMT,All Light Duty Vehicles,952703693596
2003,2003,All_Rural_VMT,Single Unit and Combination Trucks,123646386781
2003,2003,Interstate_Urban_VMT,Light Duty Vehicles Short Wheelbase,251897104952
2003,2003,Interstate_Urban_VMT,Motorcycles,1961460407
2003,2003,Interstate_Urban_VMT,Buses,943145334
2003,2003,Interstate_Urban_VMT,Light Duty Vehicles Long Wheelbase,142468830526
2003,2003,Interstate_Urban_VMT,Single Unit Trucks,10084682978
2003,2003,Interstate_Urban_VMT,Combination Trucks,25401775802
2003,2003,Interstate_Urban_VMT,All Light Duty Vehicles,394365935479
2003,2003,Interstate_Urban_VMT,Single Unit and Combination Trucks,35486458780
2003,2003,Other_Urban_VMT,Light Duty Vehicles Short Wheelbase,840161822144
2003,2003,Other_Urban_VMT,Motorcycles,3326620294
2003,2003,Other_Urban_VMT,Buses,2033526110
2003,2003,Other_Urban_VMT,Light Duty Vehicles Long Wheelbase,468755898371
2003,2003,Other_Urban_VMT,Single Unit Trucks,30014525556
2003,2003,Other_Urban_VMT,Combination Trucks,28728607525
2003,2003,Other_Urban_VMT,All Light Duty Vehicles,1308917720516
2003,2003,Other_Urban_VMT,Single Unit and Combination Trucks,58743133080
2003,2003,All_Urban_VMT,Light Duty Vehicles Short Wheelbase,1092058927097
2003,2003,All_Urban_VMT,Motorcycles,5288080702
2003,2003,All_Urban_VMT,Buses,2976671443
2003,2003,All_Urban_VMT,Light Duty Vehicles Long Wheelbase,611224728898
2003,2003,All_Urban_VMT,Single Unit Trucks,40099208534
2003,2003,All_Urban_VMT,Combination Trucks,54130383327
2003,2003,All_Urban_VMT,All Light Duty Vehicles,1703283655994
2003,2003,All_Urban_VMT,Single Unit and Combination Trucks,94229591861
2003,2003,Total_VMT,Light Duty Vehicles Short Wheelbase,1671967099159
2003,2003,Total_VMT,Motorcycles,9576041459
2003,2003,Total_VMT,Buses,6781630309
2003,2003,Total_VMT,Light Duty Vehicles Long Wheelbase,984020250431
2003,2003,Total_VMT,Single Unit Trucks,77748270203
2003,2003,Total_VMT,Combination Trucks,140127708439
2003,2003,Total_VMT,All Light Duty Vehicles,2655987349590
2003,2003,Total_VMT,Single Unit and Combination Trucks,217875978642
2003,2003,No._Vehicles_Registered,Light Duty Vehicles Short Wheelbase,135669897
2003,2003,No._Vehicles_Registered,Motorcycles,5370035
2003,2003,No._Vehicles_Registered,Buses,776550
2003,2003,No._Vehicles_Registered,Light Duty Vehicles Long Wheelbase,87186663
2003,2003,No._Vehicles_Registered,Single Unit Trucks,5848523
2003,2003,No._Vehicles_Registered,Combination Trucks,1908365
2003,2003,No._Vehicles_Registered,All Light Duty Vehicles,222856560
2003,2003,No._Vehicles_Registered,Single Unit and Combination Trucks,7756888
2003,2003,Avg._Miles_per_Vehicle,Light Duty Vehicles Short Wheelbase,12324
2003,2003,Avg._Miles_per_Vehicle,Motorcycles,1783
2003,2003,Avg._Miles_per_Vehicle,Buses,8733
2003,2003,Avg._Miles_per_Vehicle,Light Duty Vehicles Long Wheelbase,11286
2003,2003,Avg._Miles_per_Vehicle,Single Unit Trucks,13294
2003,2003,Avg._Miles_per_Vehicle,Combination Trucks,73428
2003,2003,Avg._Miles_per_Vehicle,All Light Duty Vehicles,11918
2003,2003,Avg._Miles_per_Vehicle,Single Unit and Combination Trucks,28088
2003,2003,Person-Miles,Light Duty Vehicles Short Wheelbase,2641885092074
2003,2003,Person-Miles,Motorcycles,12162999800
2003,2003,Person-Miles,Buses,143800990467
2003,2003,Person-Miles,Light Duty Vehicles Long Wheelbase,1706102912464
2003,2003,Person-Miles,Single Unit Trucks,77756625026
2003,2003,Person-Miles,Combination Trucks,140159962482
2003,2003,Person-Miles,All Light Duty Vehicles,4347988004538
2003,2003,Person-Miles,Single Unit and Combination Trucks,217916587508
2003,2003,Fuel_Consumed,Light Duty Vehicles Short Wheelbase,75454643995
2003,2003,Fuel_Consumed,Motorcycles,191543304
2003,2003,Fuel_Consumed,Buses,968945241
2003,2003,Fuel_Consumed,Light Duty Vehicles Long Wheelbase,60758049503
2003,2003,Fuel_Consumed,Single Unit Trucks,8880460749
2003,2003,Fuel_Consumed,Combination Trucks,23815421532
2003,2003,Fuel_Consumed,All Light Duty Vehicles,136212693498
2003,2003,Fuel_Consumed,Single Unit and Combination Trucks,32695882281
2003,2003,Avg._Fuel_per_Vehicle,Light Duty Vehicles Short Wheelbase,556
2003,2003,Avg._Fuel_per_Vehicle,Motorcycles,36
2003,2003,Avg._Fuel_per_Vehicle,Buses,1248
2003,2003,Avg._Fuel_per_Vehicle,Light Duty Vehicles Long Wheelbase,697
2003,2003,Avg._Fuel_per_Vehicle,Single Unit Trucks,1518
2003,2003,Avg._Fuel_per_Vehicle,Combination Trucks,12479
2003,2003,Avg._Fuel_per_Vehicle,All Light Duty Vehicles,611
2003,2003,Avg._Fuel_per_Vehicle,Single Unit and Combination Trucks,4215
2003,2003,Avg._Miles_Traveled_per_Gallon,Light Duty Vehicles Short Wheelbase,22
2003,2003,Avg._Miles_Traveled_per_Gallon,Motorcycles,50
2003,2003,Avg._Miles_Traveled_per_Gallon,Buses,7
2003,2003,Avg._Miles_Traveled_per_Gallon,Light Duty Vehicles Long Wheelbase,16
2003,2003,Avg._Miles_Traveled_per_Gallon,Single Unit Trucks,9
2003,2003,Avg._Miles_Traveled_per_Gallon,Combination Trucks,6
2003,2003,Avg._Miles_Traveled_per_Gallon,All Light Duty Vehicles,20
2003,2003,Avg._Miles_Traveled_per_Gallon,Single Unit and Combination Trucks,7
2002,2002,Interstate_Rural_VMT,Light Duty Vehicles Short Wheelbase,138819000000
2002,2002,Interstate_Rural_VMT,Motorcycles,1212000000
2002,2002,Interstate_Rural_VMT,Buses,943000000
2002,2002,Interstate_Rural_VMT,Light Duty Vehicles Long Wheelbase,85132000000
2002,2002,Interstate_Rural_VMT,Single Unit Trucks,8765000000
2002,2002,Interstate_Rural_VMT,Combination Trucks,45738000000
2002,2002,Interstate_Rural_VMT,All Light Duty Vehicles,223951000000
2002,2002,Interstate_Rural_VMT,Single Unit and Combination Trucks,54503000000
2002,2002,Other_Arterial_Rural_VMT,Light Duty Vehicles Short Wheelbase,238009000000
2002,2002,Other_Arterial_Rural_VMT,Motorcycles,1623000000
2002,2002,Other_Arterial_Rural_VMT,Buses,1104000000
2002,2002,Other_Arterial_Rural_VMT,Light Duty Vehicles Long Wheelbase,150758000000
2002,2002,Other_Arterial_Rural_VMT,Single Unit Trucks,14610000000
2002,2002,Other_Arterial_Rural_VMT,Combination Trucks,27826000000
2002,2002,Other_Arterial_Rural_VMT,All Light Duty Vehicles,388767000000
2002,2002,Other_Arterial_Rural_VMT,Single Unit and Combination Trucks,42436000000
2002,2002,Other_Rural_VMT,Light Duty Vehicles Short Wheelbase,232111000000
2002,2002,Other_Rural_VMT,Motorcycles,1610000000
2002,2002,Other_Rural_VMT,Buses,1894000000
2002,2002,Other_Rural_VMT,Light Duty Vehicles Long Wheelbase,148295000000
2002,2002,Other_Rural_VMT,Single Unit Trucks,14907000000
2002,2002,Other_Rural_VMT,Combination Trucks,14038000000
2002,2002,Other_Rural_VMT,All Light Duty Vehicles,380406000000
2002,2002,Other_Rural_VMT,Single Unit and Combination Trucks,28945000000
2002,2002,All_Rural_VMT,Light Duty Vehicles Short Wheelbase,608939000000
2002,2002,All_Rural_VMT,Motorcycles,4445000000
2002,2002,All_Rural_VMT,Buses,3941000000
2002,2002,All_Rural_VMT,Light Duty Vehicles Long Wheelbase,384185000000
2002,2002,All_Rural_VMT,Single Unit Trucks,38282000000
2002,2002,All_Rural_VMT,Combination Trucks,87602000000
2002,2002,All_Rural_VMT,All Light Duty Vehicles,993124000000
2002,2002,All_Rural_VMT,Single Unit and Combination Trucks,125884000000
2002,2002,Interstate_Urban_VMT,Light Duty Vehicles Short Wheelbase,243521000000
2002,2002,Interstate_Urban_VMT,Motorcycles,1670000000
2002,2002,Interstate_Urban_VMT,Buses,803000000
2002,2002,Interstate_Urban_VMT,Light Duty Vehicles Long Wheelbase,130174000000
2002,2002,Interstate_Urban_VMT,Single Unit Trucks,9119000000
2002,2002,Interstate_Urban_VMT,Combination Trucks,23921000000
2002,2002,Interstate_Urban_VMT,All Light Duty Vehicles,373695000000
2002,2002,Interstate_Urban_VMT,Single Unit and Combination Trucks,33040000000
2002,2002,Other_Urban_VMT,Light Duty Vehicles Short Wheelbase,806014000000
2002,2002,Other_Urban_VMT,Motorcycles,3437000000
2002,2002,Other_Urban_VMT,Buses,2101000000
2002,2002,Other_Urban_VMT,Light Duty Vehicles Long Wheelbase,451675000000
2002,2002,Other_Urban_VMT,Single Unit Trucks,28465000000
2002,2002,Other_Urban_VMT,Combination Trucks,27214000000
2002,2002,Other_Urban_VMT,All Light Duty Vehicles,1257689000000
2002,2002,Other_Urban_VMT,Single Unit and Combination Trucks,55679000000
2002,2002,All_Urban_VMT,Light Duty Vehicles Short Wheelbase,1049535000000
2002,2002,All_Urban_VMT,Motorcycles,5107000000
2002,2002,All_Urban_VMT,Buses,2904000000
2002,2002,All_Urban_VMT,Light Duty Vehicles Long Wheelbase,581849000000
2002,2002,All_Urban_VMT,Single Unit Trucks,37584000000
2002,2002,All_Urban_VMT,Combination Trucks,51135000000
2002,2002,All_Urban_VMT,All Light Duty Vehicles,1631384000000
2002,2002,All_Urban_VMT,Single Unit and Combination Trucks,88719000000
2002,2002,Total_VMT,Light Duty Vehicles Short Wheelbase,1658474000000
2002,2002,Total_VMT,Motorcycles,9552000000
2002,2002,Total_VMT,Buses,6845000000
2002,2002,Total_VMT,Light Duty Vehicles Long Wheelbase,966034000000
2002,2002,Total_VMT,Single Unit Trucks,75866000000
2002,2002,Total_VMT,Combination Trucks,138737000000
2002,2002,Total_VMT,All Light Duty Vehicles,2624508000000
2002,2002,Total_VMT,Single Unit and Combination Trucks,214603000000
2002,2002,No._Vehicles_Registered,Light Duty Vehicles Short Wheelbase,135920677
2002,2002,No._Vehicles_Registered,Motorcycles,5004156
2002,2002,No._Vehicles_Registered,Buses,760717
2002,2002,No._Vehicles_Registered,Light Duty Vehicles Long Wheelbase,85011305
2002,2002,No._Vehicles_Registered,Single Unit Trucks,5650619
2002,2002,No._Vehicles_Registered,Combination Trucks,2276661
2002,2002,No._Vehicles_Registered,All Light Duty Vehicles,220931982
2002,2002,No._Vehicles_Registered,Single Unit and Combination Trucks,7927280
2002,2002,Avg._Miles_per_Vehicle,Light Duty Vehicles Short Wheelbase,12202
2002,2002,Avg._Miles_per_Vehicle,Motorcycles,1909
2002,2002,Avg._Miles_per_Vehicle,Buses,8998
2002,2002,Avg._Miles_per_Vehicle,Light Duty Vehicles Long Wheelbase,11364
2002,2002,Avg._Miles_per_Vehicle,Single Unit Trucks,13426
2002,2002,Avg._Miles_per_Vehicle,Combination Trucks,60939
2002,2002,Avg._Miles_per_Vehicle,All Light Duty Vehicles,11879
2002,2002,Avg._Miles_per_Vehicle,Single Unit and Combination Trucks,27071
2002,2002,Person-Miles,Light Duty Vehicles Short Wheelbase,2620388920000
2002,2002,Person-Miles,Motorcycles,12131040000
2002,2002,Person-Miles,Buses,145123604209
2002,2002,Person-Miles,Light Duty Vehicles Long Wheelbase,1674791893052
2002,2002,Person-Miles,Single Unit Trucks,75866000000
2002,2002,Person-Miles,Combination Trucks,138737000000
2002,2002,Person-Miles,All Light Duty Vehicles,4295180813052
2002,2002,Person-Miles,Single Unit and Combination Trucks,214603000000
2002,2002,Fuel_Consumed,Light Duty Vehicles Short Wheelbase,75471258000
2002,2002,Fuel_Consumed,Motorcycles,191040000
2002,2002,Fuel_Consumed,Buses,999563000
2002,2002,Fuel_Consumed,Light Duty Vehicles Long Wheelbase,55220108000
2002,2002,Fuel_Consumed,Single Unit Trucks,10320611000
2002,2002,Fuel_Consumed,Combination Trucks,26479630000
2002,2002,Fuel_Consumed,All Light Duty Vehicles,130691366000
2002,2002,Fuel_Consumed,Single Unit and Combination Trucks,36800241000
2002,2002,Avg._Fuel_per_Vehicle,Light Duty Vehicles Short Wheelbase,555
2002,2002,Avg._Fuel_per_Vehicle,Motorcycles,38
2002,2002,Avg._Fuel_per_Vehicle,Buses,1314
2002,2002,Avg._Fuel_per_Vehicle,Light Duty Vehicles Long Wheelbase,650
2002,2002,Avg._Fuel_per_Vehicle,Single Unit Trucks,1826
2002,2002,Avg._Fuel_per_Vehicle,Combination Trucks,11631
2002,2002,Avg._Fuel_per_Vehicle,All Light Duty Vehicles,592
2002,2002,Avg._Fuel_per_Vehicle,Single Unit and Combination Trucks,4642
2002,2002,Avg._Miles_Traveled_per_Gallon,Light Duty Vehicles Short Wheelbase,22
2002,2002,Avg._Miles_Traveled_per_Gallon,Motorcycles,50
2002,2002,Avg._Miles_Traveled_per_Gallon,Buses,7
2002,2002,Avg._Miles_Traveled_per_Gallon,Light Duty Vehicles Long Wheelbase,17
2002,2002,Avg._Miles_Traveled_per_Gallon,Single Unit Trucks,7
2002,2002,Avg._Miles_Traveled_per_Gallon,Combination Trucks,5
2002,2002,Avg._Miles_Traveled_per_Gallon,All Light Duty Vehicles,20
2002,2002,Avg._Miles_Traveled_per_Gallon,Single Unit and Combination Trucks,6
2001,2001,Interstate_Rural_VMT,Light Duty Vehicles Short Wheelbase,135966000000
2001,2001,Interstate_Rural_VMT,Motorcycles,1121000000
2001,2001,Interstate_Rural_VMT,Buses,951000000
2001,2001,Interstate_Rural_VMT,Light Duty Vehicles Long Wheelbase,82356000000
2001,2001,Interstate_Rural_VMT,Single Unit Trucks,8289000000
2001,2001,Interstate_Rural_VMT,Combination Trucks,44936000000
2001,2001,Interstate_Rural_VMT,All Light Duty Vehicles,218322000000
2001,2001,Interstate_Rural_VMT,Single Unit and Combination Trucks,53225000000
2001,2001,Other_Arterial_Rural_VMT,Light Duty Vehicles Short Wheelbase,236337000000
2001,2001,Other_Arterial_Rural_VMT,Motorcycles,1649000000
2001,2001,Other_Arterial_Rural_VMT,Buses,1133000000
2001,2001,Other_Arterial_Rural_VMT,Light Duty Vehicles Long Wheelbase,146525000000
2001,2001,Other_Arterial_Rural_VMT,Single Unit Trucks,13992000000
2001,2001,Other_Arterial_Rural_VMT,Combination Trucks,27846000000
2001,2001,Other_Arterial_Rural_VMT,All Light Duty Vehicles,382862000000
2001,2001,Other_Arterial_Rural_VMT,Single Unit and Combination Trucks,41838000000
2001,2001,Other_Rural_VMT,Light Duty Vehicles Short Wheelbase,231617188615
2001,2001,Other_Rural_VMT,Motorcycles,1607746672
2001,2001,Other_Rural_VMT,Buses,2074222458
2001,2001,Other_Rural_VMT,Light Duty Vehicles Long Wheelbase,145379969555
2001,2001,Other_Rural_VMT,Single Unit Trucks,14405928491
2001,2001,Other_Rural_VMT,Combination Trucks,13176944208
2001,2001,Other_Rural_VMT,All Light Duty Vehicles,376997158170
2001,2001,Other_Rural_VMT,Single Unit and Combination Trucks,27582872699
2001,2001,All_Rural_VMT,Light Duty Vehicles Short Wheelbase,603920188615
2001,2001,All_Rural_VMT,Motorcycles,4377746672
2001,2001,All_Rural_VMT,Buses,4158222458
2001,2001,All_Rural_VMT,Light Duty Vehicles Long Wheelbase,374260969555
2001,2001,All_Rural_VMT,Single Unit Trucks,36686928491
2001,2001,All_Rural_VMT,Combination Trucks,85958944208
2001,2001,All_Rural_VMT,All Light Duty Vehicles,978181158170
2001,2001,All_Rural_VMT,Single Unit and Combination Trucks,122645872699
2001,2001,Interstate_Urban_VMT,Light Duty Vehicles Short Wheelbase,236984777448
2001,2001,Interstate_Urban_VMT,Motorcycles,1546011595
2001,2001,Interstate_Urban_VMT,Buses,775005813
2001,2001,Interstate_Urban_VMT,Light Duty Vehicles Long Wheelbase,127989959958
2001,2001,Interstate_Urban_VMT,Single Unit Trucks,8739065545
2001,2001,Interstate_Urban_VMT,Combination Trucks,23951179640
2001,2001,Interstate_Urban_VMT,All Light Duty Vehicles,364974737406
2001,2001,Interstate_Urban_VMT,Single Unit and Combination Trucks,32690245185
2001,2001,Other_Urban_VMT,Light Duty Vehicles Short Wheelbase,786460444714
2001,2001,Other_Urban_VMT,Motorcycles,3709002291
2001,2001,Other_Urban_VMT,Buses,2136425309
2001,2001,Other_Urban_VMT,Light Duty Vehicles Long Wheelbase,440363543648
2001,2001,Other_Urban_VMT,Single Unit Trucks,26967745765
2001,2001,Other_Urban_VMT,Combination Trucks,26623838275
2001,2001,Other_Urban_VMT,All Light Duty Vehicles,1226823988362
2001,2001,Other_Urban_VMT,Single Unit and Combination Trucks,53591584039
2001,2001,All_Urban_VMT,Light Duty Vehicles Short Wheelbase,1023445222162
2001,2001,All_Urban_VMT,Motorcycles,5255013886
2001,2001,All_Urban_VMT,Buses,2911431121
2001,2001,All_Urban_VMT,Light Duty Vehicles Long Wheelbase,568353503606
2001,2001,All_Urban_VMT,Single Unit Trucks,35706811310
2001,2001,All_Urban_VMT,Combination Trucks,50575017915
2001,2001,All_Urban_VMT,All Light Duty Vehicles,1591798725768
2001,2001,All_Urban_VMT,Single Unit and Combination Trucks,86281829225
2001,2001,Total_VMT,Light Duty Vehicles Short Wheelbase,1627365410777
2001,2001,Total_VMT,Motorcycles,9632760558
2001,2001,Total_VMT,Buses,7069653580
2001,2001,Total_VMT,Light Duty Vehicles Long Wheelbase,942614473161
2001,2001,Total_VMT,Single Unit Trucks,72393739800
2001,2001,Total_VMT,Combination Trucks,136533962123
2001,2001,Total_VMT,All Light Duty Vehicles,2569979883938
2001,2001,Total_VMT,Single Unit and Combination Trucks,208927701924
2001,2001,No._Vehicles_Registered,Light Duty Vehicles Short Wheelbase,137633467
2001,2001,No._Vehicles_Registered,Motorcycles,4903056
2001,2001,No._Vehicles_Registered,Buses,749548
2001,2001,No._Vehicles_Registered,Light Duty Vehicles Long Wheelbase,84187636
2001,2001,No._Vehicles_Registered,Single Unit Trucks,5703501
2001,2001,No._Vehicles_Registered,Combination Trucks,2154174
2001,2001,No._Vehicles_Registered,All Light Duty Vehicles,221821103
2001,2001,No._Vehicles_Registered,Single Unit and Combination Trucks,7857675
2001,2001,Avg._Miles_per_Vehicle,Light Duty Vehicles Short Wheelbase,11824
2001,2001,Avg._Miles_per_Vehicle,Motorcycles,1965
2001,2001,Avg._Miles_per_Vehicle,Buses,9432
2001,2001,Avg._Miles_per_Vehicle,Light Duty Vehicles Long Wheelbase,11197
2001,2001,Avg._Miles_per_Vehicle,Single Unit Trucks,12693
2001,2001,Avg._Miles_per_Vehicle,Combination Trucks,63381
2001,2001,Avg._Miles_per_Vehicle,All Light Duty Vehicles,11586
2001,2001,Avg._Miles_per_Vehicle,Single Unit and Combination Trucks,26589
2001,2001,Person-Miles,Light Duty Vehicles Short Wheelbase,2556481240000
2001,2001,Person-Miles,Motorcycles,11759580000
2001,2001,Person-Miles,Buses,150042329728
2001,2001,Person-Miles,Light Duty Vehicles Long Wheelbase,1678852559589
2001,2001,Person-Miles,Single Unit Trucks,85488640000
2001,2001,Person-Miles,Combination Trucks,161169120000
2001,2001,Person-Miles,All Light Duty Vehicles,4235333799589
2001,2001,Person-Miles,Single Unit and Combination Trucks,246657760000
2001,2001,Fuel_Consumed,Light Duty Vehicles Short Wheelbase,73558790000
2001,2001,Fuel_Consumed,Motorcycles,192780000
2001,2001,Fuel_Consumed,Buses,1025899000
2001,2001,Fuel_Consumed,Light Duty Vehicles Long Wheelbase,53521781000
2001,2001,Fuel_Consumed,Single Unit Trucks,9667248000
2001,2001,Fuel_Consumed,Combination Trucks,25511844000
2001,2001,Fuel_Consumed,All Light Duty Vehicles,127080571000
2001,2001,Fuel_Consumed,Single Unit and Combination Trucks,35179092000
2001,2001,Avg._Fuel_per_Vehicle,Light Duty Vehicles Short Wheelbase,534
2001,2001,Avg._Fuel_per_Vehicle,Motorcycles,39
2001,2001,Avg._Fuel_per_Vehicle,Buses,1369
2001,2001,Avg._Fuel_per_Vehicle,Light Duty Vehicles Long Wheelbase,636
2001,2001,Avg._Fuel_per_Vehicle,Single Unit Trucks,1695
2001,2001,Avg._Fuel_per_Vehicle,Combination Trucks,11843
2001,2001,Avg._Fuel_per_Vehicle,All Light Duty Vehicles,573
2001,2001,Avg._Fuel_per_Vehicle,Single Unit and Combination Trucks,4477
2001,2001,Avg._Miles_Traveled_per_Gallon,Light Duty Vehicles Short Wheelbase,22
2001,2001,Avg._Miles_Traveled_per_Gallon,Motorcycles,50
2001,2001,Avg._Miles_Traveled_per_Gallon,Buses,7
2001,2001,Avg._Miles_Traveled_per_Gallon,Light Duty Vehicles Long Wheelbase,18
2001,2001,Avg._Miles_Traveled_per_Gallon,Single Unit Trucks,7
2001,2001,Avg._Miles_Traveled_per_Gallon,Combination Trucks,5
2001,2001,Avg._Miles_Traveled_per_Gallon,All Light Duty Vehicles,20
2001,2001,Avg._Miles_Traveled_per_Gallon,Single Unit and Combination Trucks,6
2000,2000,Interstate_Rural_VMT,Light Duty Vehicles Short Wheelbase,134466000000
2000,2000,Interstate_Rural_VMT,Motorcycles,1164000000
2000,2000,Interstate_Rural_VMT,Buses,978000000
2000,2000,Interstate_Rural_VMT,Light Duty Vehicles Long Wheelbase,79088000000
2000,2000,Interstate_Rural_VMT,Single Unit Trucks,8236000000
2000,2000,Interstate_Rural_VMT,Combination Trucks,44248000000
2000,2000,Interstate_Rural_VMT,All Light Duty Vehicles,213554000000
2000,2000,Interstate_Rural_VMT,Single Unit and Combination Trucks,52484000000
2000,2000,Other_Arterial_Rural_VMT,Light Duty Vehicles Short Wheelbase,234743000000
2000,2000,Other_Arterial_Rural_VMT,Motorcycles,1680000000
2000,2000,Other_Arterial_Rural_VMT,Buses,1270000000
2000,2000,Other_Arterial_Rural_VMT,Light Duty Vehicles Long Wheelbase,141257000000
2000,2000,Other_Arterial_Rural_VMT,Single Unit Trucks,13644000000
2000,2000,Other_Arterial_Rural_VMT,Combination Trucks,28005000000
2000,2000,Other_Arterial_Rural_VMT,All Light Duty Vehicles,376000000000
2000,2000,Other_Arterial_Rural_VMT,Single Unit and Combination Trucks,41649000000
2000,2000,Other_Rural_VMT,Light Duty Vehicles Short Wheelbase,224182000000
2000,2000,Other_Rural_VMT,Motorcycles,1663000000
2000,2000,Other_Rural_VMT,Buses,2241000000
2000,2000,Other_Rural_VMT,Light Duty Vehicles Long Wheelbase,140010000000
2000,2000,Other_Rural_VMT,Single Unit Trucks,13722000000
2000,2000,Other_Rural_VMT,Combination Trucks,12555000000
2000,2000,Other_Rural_VMT,All Light Duty Vehicles,364192000000
2000,2000,Other_Rural_VMT,Single Unit and Combination Trucks,26277000000
2000,2000,All_Rural_VMT,Light Duty Vehicles Short Wheelbase,593391000000
2000,2000,All_Rural_VMT,Motorcycles,4507000000
2000,2000,All_Rural_VMT,Buses,4489000000
2000,2000,All_Rural_VMT,Light Duty Vehicles Long Wheelbase,360355000000
2000,2000,All_Rural_VMT,Single Unit Trucks,35602000000
2000,2000,All_Rural_VMT,Combination Trucks,84808000000
2000,2000,All_Rural_VMT,All Light Duty Vehicles,953746000000
2000,2000,All_Rural_VMT,Single Unit and Combination Trucks,120410000000
2000,2000,Interstate_Urban_VMT,Light Duty Vehicles Short Wheelbase,230510000000
2000,2000,Interstate_Urban_VMT,Motorcycles,1692000000
2000,2000,Interstate_Urban_VMT,Buses,791000000
2000,2000,Interstate_Urban_VMT,Light Duty Vehicles Long Wheelbase,128291000000
2000,2000,Interstate_Urban_VMT,Single Unit Trucks,8716000000
2000,2000,Interstate_Urban_VMT,Combination Trucks,23465000000
2000,2000,Interstate_Urban_VMT,All Light Duty Vehicles,358801000000
2000,2000,Interstate_Urban_VMT,Single Unit and Combination Trucks,32181000000
2000,2000,Other_Urban_VMT,Light Duty Vehicles Short Wheelbase,776386000000
2000,2000,Other_Urban_VMT,Motorcycles,4270000000
2000,2000,Other_Urban_VMT,Buses,2310000000
2000,2000,Other_Urban_VMT,Light Duty Vehicles Long Wheelbase,434413000000
2000,2000,Other_Urban_VMT,Single Unit Trucks,26182000000
2000,2000,Other_Urban_VMT,Combination Trucks,26747000000
2000,2000,Other_Urban_VMT,All Light Duty Vehicles,1210799000000
2000,2000,Other_Urban_VMT,Single Unit and Combination Trucks,52929000000
2000,2000,All_Urban_VMT,Light Duty Vehicles Short Wheelbase,1006896000000
2000,2000,All_Urban_VMT,Motorcycles,5962000000
2000,2000,All_Urban_VMT,Buses,3101000000
2000,2000,All_Urban_VMT,Light Duty Vehicles Long Wheelbase,562704000000
2000,2000,All_Urban_VMT,Single Unit Trucks,34898000000
2000,2000,All_Urban_VMT,Combination Trucks,50212000000
2000,2000,All_Urban_VMT,All Light Duty Vehicles,1569600000000
2000,2000,All_Urban_VMT,Single Unit and Combination Trucks,85110000000
2000,2000,Total_VMT,Light Duty Vehicles Short Wheelbase,1600287000000
2000,2000,Total_VMT,Motorcycles,10469000000
2000,2000,Total_VMT,Buses,7590000000
2000,2000,Total_VMT,Light Duty Vehicles Long Wheelbase,923059000000
2000,2000,Total_VMT,Single Unit Trucks,70500000000
2000,2000,Total_VMT,Combination Trucks,135020000000
2000,2000,Total_VMT,All Light Duty Vehicles,2523346000000
2000,2000,Total_VMT,Single Unit and Combination Trucks,205520000000
2000,2000,No._Vehicles_Registered,Light Duty Vehicles Short Wheelbase,133621420
2000,2000,No._Vehicles_Registered,Motorcycles,4346068
2000,2000,No._Vehicles_Registered,Buses,746125
2000,2000,No._Vehicles_Registered,Light Duty Vehicles Long Wheelbase,79084979
2000,2000,No._Vehicles_Registered,Single Unit Trucks,5926030
2000,2000,No._Vehicles_Registered,Combination Trucks,2096619
2000,2000,No._Vehicles_Registered,All Light Duty Vehicles,212706399
2000,2000,No._Vehicles_Registered,Single Unit and Combination Trucks,8022649
2000,2000,Avg._Miles_per_Vehicle,Light Duty Vehicles Short Wheelbase,11976
2000,2000,Avg._Miles_per_Vehicle,Motorcycles,2409
2000,2000,Avg._Miles_per_Vehicle,Buses,10173
2000,2000,Avg._Miles_per_Vehicle,Light Duty Vehicles Long Wheelbase,11672
2000,2000,Avg._Miles_per_Vehicle,Single Unit Trucks,11897
2000,2000,Avg._Miles_per_Vehicle,Combination Trucks,64399
2000,2000,Avg._Miles_per_Vehicle,All Light Duty Vehicles,11863
2000,2000,Avg._Miles_per_Vehicle,Single Unit and Combination Trucks,25617
2000,2000,Person-Miles,Light Duty Vehicles Short Wheelbase,2544457352441
2000,2000,Person-Miles,Motorcycles,11515796151
2000,2000,Person-Miles,Buses,160918649518
2000,2000,Person-Miles,Light Duty Vehicles Long Wheelbase,1467663799150
2000,2000,Person-Miles,Single Unit Trucks,70500000000
2000,2000,Person-Miles,Combination Trucks,135020000000
2000,2000,Person-Miles,All Light Duty Vehicles,4012121151591
2000,2000,Person-Miles,Single Unit and Combination Trucks,205520000000
2000,2000,Fuel_Consumed,Light Duty Vehicles Short Wheelbase,73065208000
2000,2000,Fuel_Consumed,Motorcycles,209380000
2000,2000,Fuel_Consumed,Buses,1112034000
2000,2000,Fuel_Consumed,Light Duty Vehicles Long Wheelbase,52938805000
2000,2000,Fuel_Consumed,Single Unit Trucks,9563044000
2000,2000,Fuel_Consumed,Combination Trucks,25665693000
2000,2000,Fuel_Consumed,All Light Duty Vehicles,126004013000
2000,2000,Fuel_Consumed,Single Unit and Combination Trucks,35228737000
2000,2000,Avg._Fuel_per_Vehicle,Light Duty Vehicles Short Wheelbase,547
2000,2000,Avg._Fuel_per_Vehicle,Motorcycles,48
2000,2000,Avg._Fuel_per_Vehicle,Buses,1490
2000,2000,Avg._Fuel_per_Vehicle,Light Duty Vehicles Long Wheelbase,669
2000,2000,Avg._Fuel_per_Vehicle,Single Unit Trucks,1614
2000,2000,Avg._Fuel_per_Vehicle,Combination Trucks,12241
2000,2000,Avg._Fuel_per_Vehicle,All Light Duty Vehicles,592
2000,2000,Avg._Fuel_per_Vehicle,Single Unit and Combination Trucks,4391
2000,2000,Avg._Miles_Traveled_per_Gallon,Light Duty Vehicles Short Wheelbase,22
2000,2000,Avg._Miles_Traveled_per_Gallon,Motorcycles,50
2000,2000,Avg._Miles_Traveled_per_Gallon,Buses,7
2000,2000,Avg._Miles_Traveled_per_Gallon,Light Duty Vehicles Long Wheelbase,17
2000,2000,Avg._Miles_Traveled_per_Gallon,Single Unit Trucks,7
2000,2000,Avg._Miles_Traveled_per_Gallon,Combination Trucks,5
2000,2000,Avg._Miles_Traveled_per_Gallon,All Light Duty Vehicles,20
2000,2000,Avg._Miles_Traveled_per_Gallon,Single Unit and Combination Trucks,6
2024,2024,Interstate_Rural_VMT,Light Duty Vehicles Short Wheelbase,146051119604
2024,2024,Interstate_Rural_VMT,Motorcycles,1069356637
2024,2024,Interstate_Rural_VMT,Buses,1501601037
2024,2024,Interstate_Rural_VMT,Light Duty Vehicles Long Wheelbase,51571648939
2024,2024,Interstate_Rural_VMT,Single Unit Trucks,12273516403
2024,2024,Interstate_Rural_VMT,Combination Trucks,59367060109
2024,2024,Interstate_Rural_VMT,All Light Duty Vehicles,197622768543
2024,2024,Interstate_Rural_VMT,Single Unit and Combination Trucks,71640576513
2024,2023,Interstate_Rural_VMT,Light Duty Vehicles Short Wheelbase,141501777298
2024,2023,Interstate_Rural_VMT,Motorcycles,1014337971
2024,2023,Interstate_Rural_VMT,Buses,1575968563
2024,2023,Interstate_Rural_VMT,Light Duty Vehicles Long Wheelbase,53227623388
2024,2023,Interstate_Rural_VMT,Single Unit Trucks,11956558064
2024,2023,Interstate_Rural_VMT,Combination Trucks,59441029396
2024,2023,Interstate_Rural_VMT,All Light Duty Vehicles,194729400686
2024,2023,Interstate_Rural_VMT,Single Unit and Combination Trucks,71397587459
2024,2024,Other_Arterial_Rural_VMT,Light Duty Vehicles Short Wheelbase,240923067162
2024,2024,Other_Arterial_Rural_VMT,Motorcycles,2416291374
2024,2024,Other_Arterial_Rural_VMT,Buses,2407320958
2024,2024,Other_Arterial_Rural_VMT,Light Duty Vehicles Long Wheelbase,105508554826
2024,2024,Other_Arterial_Rural_VMT,Single Unit Trucks,20328500231
2024,2024,Other_Arterial_Rural_VMT,Combination Trucks,33013784169
2024,2024,Other_Arterial_Rural_VMT,All Light Duty Vehicles,346431621987
2024,2024,Other_Arterial_Rural_VMT,Single Unit and Combination Trucks,53342284400
2024,2023,Other_Arterial_Rural_VMT,Light Duty Vehicles Short Wheelbase,232914922732
2024,2023,Other_Arterial_Rural_VMT,Motorcycles,2257684553
2024,2023,Other_Arterial_Rural_VMT,Buses,2327394086
2024,2023,Other_Arterial_Rural_VMT,Light Duty Vehicles Long Wheelbase,104131238447
2024,2023,Other_Arterial_Rural_VMT,Single Unit Trucks,19889849387
2024,2023,Other_Arterial_Rural_VMT,Combination Trucks,33536163556
2024,2023,Other_Arterial_Rural_VMT,All Light Duty Vehicles,337046161179
2024,2023,Other_Arterial_Rural_VMT,Single Unit and Combination Trucks,53426012943
2024,2024,Other_Rural_VMT,Light Duty Vehicles Short Wheelbase,211025883295
2024,2024,Other_Rural_VMT,Motorcycles,2965645200
2024,2024,Other_Rural_VMT,Buses,2179307476
2024,2024,Other_Rural_VMT,Light Duty Vehicles Long Wheelbase,100141183596
2024,2024,Other_Rural_VMT,Single Unit Trucks,19010961585
2024,2024,Other_Rural_VMT,Combination Trucks,13090305239
2024,2024,Other_Rural_VMT,All Light Duty Vehicles,311167066891
2024,2024,Other_Rural_VMT,Single Unit and Combination Trucks,32101266824
2024,2023,Other_Rural_VMT,Light Duty Vehicles Short Wheelbase,209061281534
2024,2023,Other_Rural_VMT,Motorcycles,2757152552
2024,2023,Other_Rural_VMT,Buses,2143659067
2024,2023,Other_Rural_VMT,Light Duty Vehicles Long Wheelbase,98503085982
2024,2023,Other_Rural_VMT,Single Unit Trucks,18432485391
2024,2023,Other_Rural_VMT,Combination Trucks,13888115794
2024,2023,Other_Rural_VMT,All Light Duty Vehicles,307564367515
2024,2023,Other_Rural_VMT,Single Unit and Combination Trucks,32320601185
2024,2024,All_Rural_VMT,Light Duty Vehicles Short Wheelbase,598000070060
2024,2024,All_Rural_VMT,Motorcycles,6451293211
2024,2024,All_Rural_VMT,Buses,6088229471
2024,2024,All_Rural_VMT,Light Duty Vehicles Long Wheelbase,257221387361
2024,2024,All_Rural_VMT,Single Unit Trucks,51612978219
2024,2024,All_Rural_VMT,Combination Trucks,105471149517
2024,2024,All_Rural_VMT,All Light Duty Vehicles,855221457421
2024,2024,All_Rural_VMT,Single Unit and Combination Trucks,157084127737
2024,2023,All_Rural_VMT,Light Duty Vehicles Short Wheelbase,583477981563
2024,2023,All_Rural_VMT,Motorcycles,6029175076
2024,2023,All_Rural_VMT,Buses,6047021716
2024,2023,All_Rural_VMT,Light Duty Vehicles Long Wheelbase,255861947817
2024,2023,All_Rural_VMT,Single Unit Trucks,50278892841
2024,2023,All_Rural_VMT,Combination Trucks,106865308746
2024,2023,All_Rural_VMT,All Light Duty Vehicles,839339929380
2024,2023,All_Rural_VMT,Single Unit and Combination Trucks,157144201587
2024,2024,Interstate_Urban_VMT,Light Duty Vehicles Short Wheelbase,396092296202
2024,2024,Interstate_Urban_VMT,Motorcycles,2278984506
2024,2024,Interstate_Urban_VMT,Buses,2356030206
2024,2024,Interstate_Urban_VMT,Light Duty Vehicles Long Wheelbase,110283744011
2024,2024,Interstate_Urban_VMT,Single Unit Trucks,21600385306
2024,2024,Interstate_Urban_VMT,Combination Trucks,49967816849
2024,2024,Interstate_Urban_VMT,All Light Duty Vehicles,506376040213
2024,2024,Interstate_Urban_VMT,Single Unit and Combination Trucks,71568202155
2024,2023,Interstate_Urban_VMT,Light Duty Vehicles Short Wheelbase,383567979995
2024,2023,Interstate_Urban_VMT,Motorcycles,2189129968
2024,2023,Interstate_Urban_VMT,Buses,2348191949
2024,2023,Interstate_Urban_VMT,Light Duty Vehicles Long Wheelbase,113349032938
2024,2023,Interstate_Urban_VMT,Single Unit Trucks,21451218314
2024,2023,Interstate_Urban_VMT,Combination Trucks,50896778825
2024,2023,Interstate_Urban_VMT,All Light Duty Vehicles,496917012933
2024,2023,Interstate_Urban_VMT,Single Unit and Combination Trucks,72347997140
2024,2024,Other_Urban_VMT,Light Duty Vehicles Short Wheelbase,1228322386337
2024,2024,Other_Urban_VMT,Motorcycles,13510325744
2024,2024,Other_Urban_VMT,Buses,9638978047
2024,2024,Other_Urban_VMT,Light Duty Vehicles Long Wheelbase,334187570938
2024,2024,Other_Urban_VMT,Single Unit Trucks,63866946847
2024,2024,Other_Urban_VMT,Combination Trucks,37080646148
2024,2024,Other_Urban_VMT,All Light Duty Vehicles,1562509957275
2024,2024,Other_Urban_VMT,Single Unit and Combination Trucks,100947592995
2024,2023,Other_Urban_VMT,Light Duty Vehicles Short Wheelbase,1206509518222
2024,2023,Other_Urban_VMT,Motorcycles,11963070861
2024,2023,Other_Urban_VMT,Buses,9305576738
2024,2023,Other_Urban_VMT,Light Duty Vehicles Long Wheelbase,336309987567
2024,2023,Other_Urban_VMT,Single Unit Trucks,62370496963
2024,2023,Other_Urban_VMT,Combination Trucks,37995707849
2024,2023,Other_Urban_VMT,All Light Duty Vehicles,1542819505789
2024,2023,Other_Urban_VMT,Single Unit and Combination Trucks,100366204812
2024,2024,All_Urban_VMT,Light Duty Vehicles Short Wheelbase,1624414682538
2024,2024,All_Urban_VMT,Motorcycles,15789310249
2024,2024,All_Urban_VMT,Buses,11995008253
2024,2024,All_Urban_VMT,Light Duty Vehicles Long Wheelbase,444471314949
2024,2024,All_Urban_VMT,Single Unit Trucks,85467332154
2024,2024,All_Urban_VMT,Combination Trucks,87048462997
2024,2024,All_Urban_VMT,All Light Duty Vehicles,2068885997487
2024,2024,All_Urban_VMT,Single Unit and Combination Trucks,172515795150
2024,2023,All_Urban_VMT,Light Duty Vehicles Short Wheelbase,1590077498217
2024,2023,All_Urban_VMT,Motorcycles,14152200829
2024,2023,All_Urban_VMT,Buses,11653768687
2024,2023,All_Urban_VMT,Light Duty Vehicles Long Wheelbase,449659020505
2024,2023,All_Urban_VMT,Single Unit Trucks,83821715277
2024,2023,All_Urban_VMT,Combination Trucks,88892486674
2024,2023,All_Urban_VMT,All Light Duty Vehicles,2039736518723
2024,2023,All_Urban_VMT,Single Unit and Combination Trucks,172714201952
2024,2024,Total_VMT,Light Duty Vehicles Short Wheelbase,2222414752598
2024,2024,Total_VMT,Motorcycles,22240603460
2024,2024,Total_VMT,Buses,18083237725
2024,2024,Total_VMT,Light Duty Vehicles Long Wheelbase,701692702309
2024,2024,Total_VMT,Single Unit Trucks,137080310373
2024,2024,Total_VMT,Combination Trucks,192519612514
2024,2024,Total_VMT,All Light Duty Vehicles,2924107454908
2024,2024,Total_VMT,Single Unit and Combination Trucks,329599922887
2024,2023,Total_VMT,Light Duty Vehicles Short Wheelbase,2173555479781
2024,2023,Total_VMT,Motorcycles,20181375905
2024,2023,Total_VMT,Buses,17700790403
2024,2023,Total_VMT,Light Duty Vehicles Long Wheelbase,705520968322
2024,2023,Total_VMT,Single Unit Trucks,134100608119
2024,2023,Total_VMT,Combination Trucks,195757795420
2024,2023,Total_VMT,All Light Duty Vehicles,2879076448103
2024,2023,Total_VMT,Single Unit and Combination Trucks,329858403539
2024,2024,No._Vehicles_Registered,Light Duty Vehicles Short Wheelbase,205550881
2024,2024,No._Vehicles_Registered,Motorcycles,9261249
2024,2024,No._Vehicles_Registered,Buses,1096335
2024,2024,No._Vehicles_Registered,Light Duty Vehicles Long Wheelbase,65534861
2024,2024,No._Vehicles_Registered,Single Unit Trucks,12599614
2024,2024,No._Vehicles_Registered,Combination Trucks,3482896
2024,2024,No._Vehicles_Registered,All Light Duty Vehicles,271085742
2024,2024,No._Vehicles_Registered,Single Unit and Combination Trucks,16082510
2024,2023,No._Vehicles_Registered,Light Duty Vehicles Short Wheelbase,197134299
2024,2023,No._Vehicles_Registered,Motorcycles,9516910
2024,2023,No._Vehicles_Registered,Buses,967525
2024,2023,No._Vehicles_Registered,Light Duty Vehicles Long Wheelbase,62103995
2024,2023,No._Vehicles_Registered,Single Unit Trucks,11567428
2024,2023,No._Vehicles_Registered,Combination Trucks,3324112
2024,2023,No._Vehicles_Registered,All Light Duty Vehicles,259238294
2024,2023,No._Vehicles_Registered,Single Unit and Combination Trucks,14891540
2024,2024,Avg._Miles_per_Vehicle,Light Duty Vehicles Short Wheelbase,10812
2024,2024,Avg._Miles_per_Vehicle,Motorcycles,2401
2024,2024,Avg._Miles_per_Vehicle,Buses,16494
2024,2024,Avg._Miles_per_Vehicle,Light Duty Vehicles Long Wheelbase,10707
2024,2024,Avg._Miles_per_Vehicle,Single Unit Trucks,10880
2024,2024,Avg._Miles_per_Vehicle,Combination Trucks,55276
2024,2024,Avg._Miles_per_Vehicle,All Light Duty Vehicles,10787
2024,2024,Avg._Miles_per_Vehicle,Single Unit and Combination Trucks,20494
2024,2023,Avg._Miles_per_Vehicle,Light Duty Vehicles Short Wheelbase,11026
2024,2023,Avg._Miles_per_Vehicle,Motorcycles,2121
2024,2023,Avg._Miles_per_Vehicle,Buses,18295
2024,2023,Avg._Miles_per_Vehicle,Light Duty Vehicles Long Wheelbase,11360
2024,2023,Avg._Miles_per_Vehicle,Single Unit Trucks,11593
2024,2023,Avg._Miles_per_Vehicle,Combination Trucks,58890
2024,2023,Avg._Miles_per_Vehicle,All Light Duty Vehicles,11106
2024,2023,Avg._Miles_per_Vehicle,Single Unit and Combination Trucks,22151
2024,2024,Person-Miles,Light Duty Vehicles Short Wheelbase,3412168512976
2024,2024,Person-Miles,Motorcycles,22806298280
2024,2024,Person-Miles,Buses,383364639760
2024,2024,Person-Miles,Light Duty Vehicles Long Wheelbase,1035822226582
2024,2024,Person-Miles,Single Unit Trucks,137080310373
2024,2024,Person-Miles,Combination Trucks,192519612514
2024,2024,Person-Miles,All Light Duty Vehicles,4447990739557
2024,2024,Person-Miles,Single Unit and Combination Trucks,329599922887
2024,2023,Person-Miles,Light Duty Vehicles Short Wheelbase,3337838596590
2024,2023,Person-Miles,Motorcycles,20694693803
2024,2023,Person-Miles,Buses,375256756540
2024,2023,Person-Miles,Light Duty Vehicles Long Wheelbase,1040166403000
2024,2023,Person-Miles,Single Unit Trucks,134100608119
2024,2023,Person-Miles,Combination Trucks,195757795420
2024,2023,Person-Miles,All Light Duty Vehicles,4378004999590
2024,2023,Person-Miles,Single Unit and Combination Trucks,329858403539
2024,2024,Fuel_Consumed,Light Duty Vehicles Short Wheelbase,86861445519
2024,2024,Fuel_Consumed,Motorcycles,505870280
2024,2024,Fuel_Consumed,Buses,2419327244
2024,2024,Fuel_Consumed,Light Duty Vehicles Long Wheelbase,37936823307
2024,2024,Fuel_Consumed,Single Unit Trucks,17022465723
2024,2024,Fuel_Consumed,Combination Trucks,27066129927
2024,2024,Fuel_Consumed,All Light Duty Vehicles,124798268826
2024,2024,Fuel_Consumed,Single Unit and Combination Trucks,44088595650
2024,2023,Fuel_Consumed,Light Duty Vehicles Short Wheelbase,88145178837
2024,2023,Fuel_Consumed,Motorcycles,459065235
2024,2023,Fuel_Consumed,Buses,2396495462
2024,2023,Fuel_Consumed,Light Duty Vehicles Long Wheelbase,39334720494
2024,2023,Fuel_Consumed,Single Unit Trucks,17162839167
2024,2023,Fuel_Consumed,Combination Trucks,29296988806
2024,2023,Fuel_Consumed,All Light Duty Vehicles,127479899331
2024,2023,Fuel_Consumed,Single Unit and Combination Trucks,46459827972
2024,2024,Avg._Fuel_per_Vehicle,Light Duty Vehicles Short Wheelbase,423
2024,2024,Avg._Fuel_per_Vehicle,Motorcycles,55
2024,2024,Avg._Fuel_per_Vehicle,Buses,2207
2024,2024,Avg._Fuel_per_Vehicle,Light Duty Vehicles Long Wheelbase,579
2024,2024,Avg._Fuel_per_Vehicle,Single Unit Trucks,1351
2024,2024,Avg._Fuel_per_Vehicle,Combination Trucks,7771
2024,2024,Avg._Fuel_per_Vehicle,All Light Duty Vehicles,460
2024,2024,Avg._Fuel_per_Vehicle,Single Unit and Combination Trucks,2741
2024,2023,Avg._Fuel_per_Vehicle,Light Duty Vehicles Short Wheelbase,447
2024,2023,Avg._Fuel_per_Vehicle,Motorcycles,48
2024,2023,Avg._Fuel_per_Vehicle,Buses,2477
2024,2023,Avg._Fuel_per_Vehicle,Light Duty Vehicles Long Wheelbase,633
2024,2023,Avg._Fuel_per_Vehicle,Single Unit Trucks,1484
2024,2023,Avg._Fuel_per_Vehicle,Combination Trucks,8813
2024,2023,Avg._Fuel_per_Vehicle,All Light Duty Vehicles,492
2024,2023,Avg._Fuel_per_Vehicle,Single Unit and Combination Trucks,3120
2024,2024,Avg._Miles_Traveled_per_Gallon,Light Duty Vehicles Short Wheelbase,26
2024,2024,Avg._Miles_Traveled_per_Gallon,Motorcycles,44
2024,2024,Avg._Miles_Traveled_per_Gallon,Buses,7
2024,2024,Avg._Miles_Traveled_per_Gallon,Light Duty Vehicles Long Wheelbase,18
2024,2024,Avg._Miles_Traveled_per_Gallon,Single Unit Trucks,8
2024,2024,Avg._Miles_Traveled_per_Gallon,Combination Trucks,7
2024,2024,Avg._Miles_Traveled_per_Gallon,All Light Duty Vehicles,23
2024,2024,Avg._Miles_Traveled_per_Gallon,Single Unit and Combination Trucks,7
2024,2023,Avg._Miles_Traveled_per_Gallon,Light Duty Vehicles Short Wheelbase,25
2024,2023,Avg._Miles_Traveled_per_Gallon,Motorcycles,44
2024,2023,Avg._Miles_Traveled_per_Gallon,Buses,7
2024,2023,Avg._Miles_Traveled_per_Gallon,Light Duty Vehicles Long Wheelbase,18
2024,2023,Avg._Miles_Traveled_per_Gallon,Single Unit Trucks,8
2024,2023,Avg._Miles_Traveled_per_Gallon,Combination Trucks,7
2024,2023,Avg._Miles_Traveled_per_Gallon,All Light Duty Vehicles,23
2024,2023,Avg._Miles_Traveled_per_Gallon,Single Unit and Combination Trucks,7
